,from,to,weight
46907,Cole J.E.,Tumasyan A.,101
101835,Paktinat Mehdiabadi S.,Sirunyan A.M.,101
88426,Li Y.Y.,Sirunyan A.M.,101
90231,Lopes De Sá R.,Sirunyan A.M.,101
111517,Ruiz Vargas J.C.,Sirunyan A.M.,101
116824,Sirunyan A.M.,Wong W.Y.,102
74617,Kaur A.,Tumasyan A.,102
116490,Sirunyan A.M.,Vargas Hernandez A.M.,102
49374,De Barbaro P.,Sirunyan A.M.,102
114366,Seo S.h.,Sirunyan A.M.,103
95711,Mohammed Y.,Sirunyan A.M.,103
122104,Tumasyan A.,Wang S.,103
116511,Sirunyan A.M.,Vazquez Acosta M.,103
49638,De Trocóniz J.F.,Sirunyan A.M.,103
95856,Mondal S.,Tumasyan A.,103
60711,Guerrero D.,Sirunyan A.M.,104
114682,Sharma S.,Tumasyan A.,104
122203,Tumasyan A.,Yoo J.,105
107941,Pree E.,Sirunyan A.M.,105
86441,Lee S.,Tumasyan A.,105
83663,Kumar S.,Tumasyan A.,105
77065,Kim D.,Tumasyan A.,105
96287,Moraes A.,Tumasyan A.,105
109729,Rathjens D.,Tumasyan A.,105
43810,Choi J.,Tumasyan A.,105
60538,Grossmann J.,Sirunyan A.M.,106
59602,Golunov A.,Sirunyan A.M.,106
35917,Chang P.,Tumasyan A.,106
111297,Roy D.,Tumasyan A.,106
110579,Ristic B.,Sirunyan A.M.,107
63398,Hempel M.,Sirunyan A.M.,108
83694,Kumar Verma R.,Sirunyan A.M.,109
113986,Schroeder N.,Sirunyan A.M.,109
113332,Saradhy R.,Sirunyan A.M.,109
110380,Revering M.,Sirunyan A.M.,109
87436,Lenzi B.,Sirunyan A.M.,109
103604,Pauwels K.,Sirunyan A.M.,110
87092,Legger F.,Sirunyan A.M.,111
75626,Khalil S.,Tumasyan A.,112
87941,Lewis J.,Sirunyan A.M.,112
98222,Navarro Tobar,Sirunyan A.M.,113
86310,Lee J.,Tumasyan A.,113
94986,Mesropian C.,Sirunyan A.M.,113
116183,Sirunyan A.M.,Terentyev N.,113
82521,Kovitanggoon K.,Sirunyan A.M.,113
81321,Kotov K.,Sirunyan A.M.,113
85499,Lau K.T.,Sirunyan A.M.,114
112548,Salama E.,Sirunyan A.M.,114
82832,Krikler B.,Sirunyan A.M.,114
99223,Niknejad T.,Sirunyan A.M.,114
84397,König A.,Sirunyan A.M.,114
104082,Perfilov M.,Sirunyan A.M.,115
48351,Dall’Osso M.,Sirunyan A.M.,115
60008,Goulianos K.,Sirunyan A.M.,115
117108,Sirunyan A.M.,du Pree T.,116
116704,Sirunyan A.M.,Watson I.J.,116
81104,Korol I.,Sirunyan A.M.,116
54031,Elmetenawee W.,Sirunyan A.M.,116
49643,De Visscher S.,Sirunyan A.M.,117
91470,Machet M.,Sirunyan A.M.,118
115258,Simone F.M.,Sirunyan A.M.,118
116927,Sirunyan A.M.,Yonamine R.,118
116304,Sirunyan A.M.,Trauger H.,118
33296,Caudron A.,Sirunyan A.M.,119
109013,Quertenmont L.,Sirunyan A.M.,119
84940,Lane R.,Sirunyan A.M.,119
49440,De Gruttola M.,Sirunyan A.M.,119
91530,Madhusudanan Sreekala J.,Sirunyan A.M.,120
32101,Calvelli V.,Sirunyan A.M.,120
65307,Hsiung Y.,Sirunyan A.M.,120
49990,Degano A.,Sirunyan A.M.,120
54007,Ellison J.,Sirunyan A.M.,120
114481,Seva T.,Sirunyan A.M.,120
115829,Sirunyan A.M.,Smith J.,120
33208,Castello R.,Sirunyan A.M.,120
57264,Friese R.,Sirunyan A.M.,120
116272,Sirunyan A.M.,Topkar A.,120
59247,Giordano F.,Sirunyan A.M.,120
52254,Driga O.,Sirunyan A.M.,120
92134,Majumdar N.,Sirunyan A.M.,120
116220,Sirunyan A.M.,Thyssen F.,120
110785,Rodriguez J.L.,Sirunyan A.M.,120
21476,Avetisyan A.,Sirunyan A.M.,120
22877,Baffioni S.,Sirunyan A.M.,120
93220,Markowitz P.,Sirunyan A.M.,120
93779,Matsushita T.,Sirunyan A.M.,120
71006,Jo M.,Sirunyan A.M.,120
96834,Mukhopadhyay S.,Sirunyan A.M.,120
103842,Peiffer T.,Sirunyan A.M.,120
47477,Correa Martins Junior M.,Sirunyan A.M.,120
116918,Sirunyan A.M.,Yelton J.,120
95721,Mohanty A.K.,Sirunyan A.M.,120
116612,Sirunyan A.M.,Vogel H.,120
117017,Sirunyan A.M.,Zhaozhong S.,121
111743,Russ J.,Sirunyan A.M.,121
94940,Mermerkaya H.,Sirunyan A.M.,121
116476,Sirunyan A.M.,Vanegas Arbelaez N.,121
57258,Friedl M.,Sirunyan A.M.,121
90161,Lomtadze T.,Sirunyan A.M.,122
82773,Kratochwil N.,Sirunyan A.M.,122
55775,Feindt F.,Sirunyan A.M.,123
110204,Rekovic V.,Sirunyan A.M.,123
57590,Furic I.K.,Sirunyan A.M.,123
46056,Ciesielski R.,Sirunyan A.M.,123
54105,Emriskova N.,Sirunyan A.M.,123
25521,Bellora A.,Sirunyan A.M.,124
55554,Faulkner J.,Sirunyan A.M.,124
61593,Haj Ahmad W.,Sirunyan A.M.,124
32701,Carle A.,Sirunyan A.M.,124
32656,Caraway B.,Sirunyan A.M.,124
89739,Liu S.,Sirunyan A.M.,124
95236,Mijuskovic J.,Sirunyan A.M.,124
56439,Fiorina D.,Sirunyan A.M.,124
116925,Sirunyan A.M.,Yilmaz Y.,124
99168,Niedziela J.,Sirunyan A.M.,124
33107,Casal B.,Sirunyan A.M.,125
91747,Magini N.,Sirunyan A.M.,125
27749,Bonchev M.,Sirunyan A.M.,125
94112,McGinn C.,Sirunyan A.M.,125
33177,Cassese A.,Sirunyan A.M.,125
104179,Perrini L.,Sirunyan A.M.,125
116579,Sirunyan A.M.,Viinikainen J.,126
59593,Golovtcov V.,Sirunyan A.M.,126
116286,Sirunyan A.M.,Torterotot L.,126
87734,Lesauvage A.,Sirunyan A.M.,126
73794,Kansal B.,Sirunyan A.M.,126
116094,Sirunyan A.M.,Tabb W.,126
29264,Borzou A.,Sirunyan A.M.,126
110189,Rejeb Sfar H.,Sirunyan A.M.,126
117009,Sirunyan A.M.,Zhang W.,126
112554,Salazar González C.A.,Sirunyan A.M.,126
16145,Alvarez Gonzalez B.,Sirunyan A.M.,127
116700,Sirunyan A.M.,Wassmer M.,127
23209,Baidali S.,Sirunyan A.M.,128
116632,Sirunyan A.M.,Vourliotis E.,128
98459,Neugebauer H.,Sirunyan A.M.,129
116435,Sirunyan A.M.,Valencia Palomo L.,129
97249,Müller D.,Sirunyan A.M.,129
61249,Guts S.,Sirunyan A.M.,130
108804,Pérez Adán D.,Sirunyan A.M.,130
116255,Sirunyan A.M.,Tomei T.R.F.P.,130
47243,Consuegra Rodríguez S.,Sirunyan A.M.,130
80080,Knünz V.,Sirunyan A.M.,130
23494,Baldenegro Barrera C.,Sirunyan A.M.,130
109908,Ratti M.G.,Sirunyan A.M.,130
97000,Muraleedharan Nair Bindhu V.K.,Sirunyan A.M.,131
93234,Marley D.,Sirunyan A.M.,131
24284,Barbieri R.,Sirunyan A.M.,132
122099,Tumasyan A.,Wang H.,132
94091,McDermott K.,Sirunyan A.M.,132
64529,Hoffmann M.,Sirunyan A.M.,133
94677,Meister D.,Sirunyan A.M.,133
94074,McColl N.,Sirunyan A.M.,134
26284,Bertl W.,Sirunyan A.M.,134
63079,He H.,Sirunyan A.M.,134
89898,Lloret Iglesias L.,Sirunyan A.M.,135
111027,Romero Abad D.,Sirunyan A.M.,136
16106,Alunni Solestizi L.,Sirunyan A.M.,137
111733,Rusakov S.V.,Sirunyan A.M.,137
16178,Aly R.,Sirunyan A.M.,138
20605,Assran Y.,Sirunyan A.M.,140
116084,Sirunyan A.M.,Sánchez Navas S.,140
116117,Sirunyan A.M.,Tamulaitis G.,140
117052,Sirunyan A.M.,Zito G.,142
113259,Santra A.,Sirunyan A.M.,143
94427,Medina Jaime M.,Sirunyan A.M.,144
114364,Seo S.H.,Sirunyan A.M.,145
33413,Centis Vignali M.,Sirunyan A.M.,145
116260,Sirunyan A.M.,Tomsa J.,147
33468,Cerri O.,Sirunyan A.M.,147
93029,Mao J.,Sirunyan A.M.,147
66148,Huertas Guativa L.M.,Sirunyan A.M.,148
13166,Agarwal G.,Sirunyan A.M.,148
110846,Roemer J.,Sirunyan A.M.,148
47940,Csorgo T.,Sirunyan A.M.,148
55278,Falmagne G.,Sirunyan A.M.,148
100585,Oh M.,Sirunyan A.M.,149
98033,Nash W.A.,Sirunyan A.M.,149
74666,Kaveh H.,Sirunyan A.M.,150
115984,Sirunyan A.M.,Stone B.,150
116791,Sirunyan A.M.,Wilson G.,150
68203,Ivanov T.,Sirunyan A.M.,150
116462,Sirunyan A.M.,Van Putte S.,150
91977,Mahmoud M.A.,Sirunyan A.M.,151
116346,Sirunyan A.M.,Tsiakkouri D.,151
101815,Pakhotin Y.,Sirunyan A.M.,153
116145,Sirunyan A.M.,Tatarinov A.,153
111152,Rose K.,Sirunyan A.M.,153
33615,Chahal G.S.,Sirunyan A.M.,154
92804,Manitara K.,Sirunyan A.M.,154
122186,Tumasyan A.,Yang S.,154
116164,Sirunyan A.M.,Teague D.,154
89946,Loeliger A.,Sirunyan A.M.,154
89575,Lisniak S.,Sirunyan A.M.,154
53928,Elgammal S.,Sirunyan A.M.,155
87386,Lemos D.S.,Sirunyan A.M.,155
115956,Sirunyan A.M.,Stefaniuk N.,155
59988,Gottmann A.,Sirunyan A.M.,155
116146,Sirunyan A.M.,Taurok A.,155
72814,Kalbhor P.,Sirunyan A.M.,156
115163,Sikdar A.K.,Sirunyan A.M.,156
117054,Sirunyan A.M.,Zlebcik R.,156
61281,Guzzi L.,Sirunyan A.M.,156
84267,Kveton A.,Sirunyan A.M.,156
53104,Dutta I.,Sirunyan A.M.,156
68188,Iuzhakov A.,Sirunyan A.M.,156
108407,Pujahari P.R.,Sirunyan A.M.,156
114218,Seif El Nasr-Storey S.,Sirunyan A.M.,157
63172,Hebda P.,Sirunyan A.M.,157
93410,Martins J.,Sirunyan A.M.,157
74443,Kaspar J.,Sirunyan A.M.,157
74112,Kargoll B.,Sirunyan A.M.,157
101399,Osterberg K.,Sirunyan A.M.,157
89455,Lindsey C.,Sirunyan A.M.,158
13266,Aguilar-Benitez M.,Sirunyan A.M.,158
57880,Gandrakota A.,Sirunyan A.M.,158
111211,Rossi B.,Sirunyan A.M.,158
100034,Novak T.,Sirunyan A.M.,158
116980,Sirunyan A.M.,Zecchinelli A.G.,158
116404,Sirunyan A.M.,Uniyal R.,158
26272,Bertacchi V.,Sirunyan A.M.,159
88572,Lidrych J.,Sirunyan A.M.,159
87869,Levine A.,Sirunyan A.M.,159
99756,Noll D.,Sirunyan A.M.,159
27703,Bols E.S.,Sirunyan A.M.,159
32134,Camen C.,Sirunyan A.M.,159
43805,Choi J.,Sirunyan A.M.,159
108045,Prisciandaro J.,Sirunyan A.M.,159
95854,Mondal S.,Sirunyan A.M.,159
69974,Jeong Y.,Sirunyan A.M.,159
116789,Sirunyan A.M.,Willmott C.,159
109004,Quast T.,Sirunyan A.M.,159
26866,Bhyun J.H.,Sirunyan A.M.,159
33379,Ceccarelli R.,Sirunyan A.M.,159
32677,Cardini A.,Sirunyan A.M.,159
77403,King J.,Sirunyan A.M.,159
56455,Fischer B.,Sirunyan A.M.,159
116930,Sirunyan A.M.,Yoon I.,159
102589,Papadimitriou V.,Sirunyan A.M.,159
114013,Schuler S.C.,Sirunyan A.M.,159
115274,Simsek A.E.,Sirunyan A.M.,159
20274,Asmuss P.,Sirunyan A.M.,159
29100,Borchsh V.,Sirunyan A.M.,160
116378,Sirunyan A.M.,Turini N.,160
116126,Sirunyan A.M.,Tannenwald B.,160
27697,Bologna S.,Sirunyan A.M.,160
20094,Asenov P.,Sirunyan A.M.,160
67545,Ioannou A.,Sirunyan A.M.,160
50813,Dharmaratna W.G.D.,Sirunyan A.M.,160
77044,Kim B.,Sirunyan A.M.,160
53111,Dutta S.,Tumasyan A.,160
29634,Braghieri A.,Sirunyan A.M.,160
51002,Diamantopoulou M.,Sirunyan A.M.,160
25222,Bedoya C.F.,Sirunyan A.M.,160
84970,Lange T.,Sirunyan A.M.,160
57305,Fröhlich A.,Sirunyan A.M.,160
48785,Darwish M.R.,Sirunyan A.M.,160
95601,Mocellin G.,Sirunyan A.M.,160
69959,Jeon S.,Sirunyan A.M.,160
29977,Brito L.,Sirunyan A.M.,161
29600,Bozzo M.,Sirunyan A.M.,161
29324,Bossini E.,Sirunyan A.M.,161
115840,Sirunyan A.M.,Snoeys W.,161
113713,Sawant S.,Sirunyan A.M.,161
59063,Giani S.,Sirunyan A.M.,161
58127,Garcia F.,Sirunyan A.M.,161
50002,Deile M.,Sirunyan A.M.,161
92347,Malara A.,Sirunyan A.M.,161
58105,Garbers C.,Sirunyan A.M.,161
26408,Bhal E.,Sirunyan A.M.,161
116768,Sirunyan A.M.,Wiedenbeck S.,161
48010,Cummings G.,Sirunyan A.M.,161
68190,Ivanchenko V.,Sirunyan A.M.,161
22847,Baechler J.,Sirunyan A.M.,161
113846,Scheurer V.,Sirunyan A.M.,162
98408,Nemes F.,Sirunyan A.M.,162
77247,Kim M.,Sirunyan A.M.,162
67803,Isidori T.,Sirunyan A.M.,162
35951,Chang Y.H.,Sirunyan A.M.,162
51321,Dini P.,Sirunyan A.M.,162
21451,Avati V.,Sirunyan A.M.,162
74314,Kasem A.,Sirunyan A.M.,162
115980,Sirunyan A.M.,Stojanovic M.,162
60585,Grzanka L.,Sirunyan A.M.,162
93281,Marsh B.,Sirunyan A.M.,162
24802,Bastos D.,Sirunyan A.M.,162
116784,Sirunyan A.M.,Williams J.,162
80913,Konstantinou S.,Sirunyan A.M.,162
54414,Erodotou E.,Sirunyan A.M.,162
103589,Pauls A.,Sirunyan A.M.,162
92361,Malawski M.,Sirunyan A.M.,162
95075,Meuser D.,Sirunyan A.M.,162
17873,Antchev G.,Sirunyan A.M.,162
109721,Rath Y.,Sirunyan A.M.,162
95329,Minafra N.,Sirunyan A.M.,162
106490,Polatoz A.,Sirunyan A.M.,163
54503,Eskut E.,Sirunyan A.M.,163
86510,Lee Y.,Sirunyan A.M.,163
57164,Frankenthal A.,Sirunyan A.M.,163
115006,Shtol D.,Sirunyan A.M.,163
116163,Sirunyan A.M.,Tcherniaev E.,163
117037,Sirunyan A.M.,Zhukov V.,164
20693,Atay S.,Sirunyan A.M.,164
117011,Sirunyan A.M.,Zhang Y.,164
74814,Kaynak B.,Sirunyan A.M.,164
74154,Karjavin V.,Sirunyan A.M.,164
24358,Baringer P.,Tumasyan A.,165
113845,Scheuch F.,Sirunyan A.M.,165
40,"""DellOrso R.""",Sirunyan A.M.,165
80078,Knutzen S.,Sirunyan A.M.,166
56976,Forthomme L.,Sirunyan A.M.,166
108998,Quaranta C.,Sirunyan A.M.,167
26009,Berger T.,Sirunyan A.M.,167
110181,Reitenspiess T.,Sirunyan A.M.,167
71165,Jomhari N.Z.,Sirunyan A.M.,167
95184,Michlin B.,Sirunyan A.M.,167
59446,Godizov A.,Sirunyan A.M.,168
116195,Sirunyan A.M.,Thapa K.,168
116327,Sirunyan A.M.,Troendle D.,168
109219,Raicevic N.,Sirunyan A.M.,168
114113,Scribano A.,Sirunyan A.M.,169
25574,Belyaev A.,Tumasyan A.,169
100028,Novak A.,Sirunyan A.M.,169
116230,Sirunyan A.M.,Tishelman-Charny A.,169
86802,Lefeld A.,Sirunyan A.M.,169
117133,Sirunyan A.M.,Özçelik,169
95308,Milosevic V.,Sirunyan A.M.,169
84403,Köseyan O.K.,Sirunyan A.M.,169
23385,Bakas G.,Sirunyan A.M.,170
50994,Diab B.,Sirunyan A.M.,170
47451,Corpe L.,Sirunyan A.M.,171
86512,Lee Y.,Tumasyan A.,171
40487,Chauhan S.,Tumasyan A.,171
116137,Sirunyan A.M.,Tarkovskii E.,171
95247,Mikuni V.M.,Sirunyan A.M.,173
104023,Pequegnot A.L.,Sirunyan A.M.,173
95435,Mishra D.K.,Sirunyan A.M.,173
56394,Finger M.,Tumasyan A.,173
41590,Chen Y.,Tumasyan A.,175
116549,Sirunyan A.M.,Verma R.K.,175
47574,Costanza F.,Sirunyan A.M.,175
52803,Duh Y.t.,Sirunyan A.M.,175
77096,Kim H.,Tumasyan A.,176
92450,Malik S.,Tumasyan A.,176
59015,Ghosh S.,Tumasyan A.,176
33134,Casasso S.,Sirunyan A.M.,176
65092,Hoss J.,Sirunyan A.M.,176
23735,Banerjee S.,Tumasyan A.,176
96833,Mukherjee S.,Tumasyan A.,176
114698,Sharma V.,Tumasyan A.,176
122103,Tumasyan A.,Wang Q.,176
122108,Tumasyan A.,Wang Z.,176
116849,Sirunyan A.M.,Wulsin H.W.,176
83597,Kumar A.,Tumasyan A.,176
102765,Park J.,Tumasyan A.,176
86459,Lee S.W.,Tumasyan A.,176
86284,Lee H.,Tumasyan A.,176
86358,Lee K.,Tumasyan A.,176
59596,Golovtsov V.,Sirunyan A.M.,177
107080,Popova E.,Sirunyan A.M.,178
98263,Nawrocki K.,Sirunyan A.M.,179
50741,Dezoort G.,Sirunyan A.M.,179
112871,Sandoval Gonzalez I.D.,Sirunyan A.M.,180
107403,Pozzobon N.,Sirunyan A.M.,180
27673,Bolla G.,Sirunyan A.M.,180
29,"""DHondt J.""",Sirunyan A.M.,181
54139,Endres M.,Sirunyan A.M.,181
14389,Al-bataineh A.,Sirunyan A.M.,181
12,"""DAlfonso M.""",Sirunyan A.M.,181
10,"""DAlessandro R.""",Sirunyan A.M.,181
110,"""ODell V.""",Sirunyan A.M.,181
116166,Sirunyan A.M.,Teixeira De Lima R.,182
100469,Ocalan K.,Sirunyan A.M.,182
24444,Barnyakov A.,Sirunyan A.M.,182
94848,Menendez N.,Sirunyan A.M.,182
29467,Bourgatte G.,Sirunyan A.M.,182
114009,Schuh T.,Sirunyan A.M.,183
95253,Mildner H.,Sirunyan A.M.,183
107486,Prado Da Silva W.L.,Sirunyan A.M.,183
76697,Khvedelidze A.,Sirunyan A.M.,184
12707,Acharya H.,Sirunyan A.M.,184
112275,Saibel A.,Sirunyan A.M.,185
93889,May S.,Sirunyan A.M.,187
113618,Saunders M.,Sirunyan A.M.,188
33540,Chadeeva M.,Sirunyan A.M.,188
31391,Burkle B.,Sirunyan A.M.,188
91534,Madigan G.,Sirunyan A.M.,188
116380,Sirunyan A.M.,Turkewitz J.,189
77298,Kim Y.,Sirunyan A.M.,189
116781,Sirunyan A.M.,Wilkinson R.,190
115981,Sirunyan A.M.,Stolin V.,190
29861,Brianza L.,Sirunyan A.M.,190
110872,Roguljic M.,Sirunyan A.M.,190
89909,Lo Meo S.,Sirunyan A.M.,190
42695,Chiarito B.,Sirunyan A.M.,191
116390,Sirunyan A.M.,Tziaferi E.,191
94483,Meena M.,Sirunyan A.M.,193
96798,Muhammad A.,Sirunyan A.M.,193
84276,Kwan S.,Sirunyan A.M.,194
93327,Martin Perez C.,Sirunyan A.M.,194
122246,Tumasyan A.,Zhang Y.,195
24915,Bauer G.,Sirunyan A.M.,195
62920,Haubrich N.,Sirunyan A.M.,195
30924,Bunichev V.,Sirunyan A.M.,196
68629,Jain S.,Tumasyan A.,196
107973,Presilla M.,Sirunyan A.M.,196
77035,Kilminster B.,Tumasyan A.,196
59036,Giacomelli P.,Tumasyan A.,196
60943,Gunter T.,Sirunyan A.M.,197
111736,Rusinov V.,Sirunyan A.M.,198
84487,Laflotte I.,Sirunyan A.M.,198
74449,Kassel F.,Sirunyan A.M.,198
25322,Beirão Da Cruz E Silva C.,Sirunyan A.M.,199
113657,Savina M.,Sirunyan A.M.,199
116953,Sirunyan A.M.,Zabel J.,199
116276,Sirunyan A.M.,Toriashvili T.,200
87444,Leonard J.,Sirunyan A.M.,200
116426,Sirunyan A.M.,Vadruccio D.,200
33099,Carver M.,Sirunyan A.M.,200
83642,Kumar R.,Sirunyan A.M.,200
98400,Nemallapudi M.V.,Sirunyan A.M.,200
115127,Sieber G.,Sirunyan A.M.,200
116787,Sirunyan A.M.,Williamson S.,200
83980,Kunnawalkam Elayavalli R.,Sirunyan A.M.,202
93313,Martin Blanco J.,Sirunyan A.M.,202
94203,Md Ali M.A.B.,Sirunyan A.M.,203
92886,Manolopoulos K.,Sirunyan A.M.,203
25178,Beck L.,Sirunyan A.M.,204
116879,Sirunyan A.M.,Xu Z.,204
94959,Mertens A.,Sirunyan A.M.,205
84416,Künsken A.,Sirunyan A.M.,205
97428,Nagy M.I.,Sirunyan A.M.,205
94143,McLean C.,Sirunyan A.M.,206
115802,Sirunyan A.M.,Skhirtladze N.,206
20106,Asghar M.I.,Sirunyan A.M.,206
116673,Sirunyan A.M.,Wang C.,206
116273,Sirunyan A.M.,Topsis-Giotis I.,206
51374,Dishaw A.,Sirunyan A.M.,206
29622,Bradmiller-Feld J.,Sirunyan A.M.,206
75393,Kesisoglou S.,Sirunyan A.M.,206
101602,Ozturk S.,Sirunyan A.M.,207
116581,Sirunyan A.M.,Vilar Cortabitarte R.,208
49581,De Oliveira Martins C.,Sirunyan A.M.,209
116922,Sirunyan A.M.,Yi K.,209
32621,Cappati A.,Sirunyan A.M.,210
112627,Salvatico R.,Sirunyan A.M.,210
114857,Shi Z.,Sirunyan A.M.,210
109546,Rastogi A.,Sirunyan A.M.,210
94199,Mclean C.,Sirunyan A.M.,210
90264,Lopez Virto A.,Sirunyan A.M.,212
48607,Danilov M.,Sirunyan A.M.,212
60550,Gruchala M.,Sirunyan A.M.,212
96845,Mulargia R.,Sirunyan A.M.,213
52801,Duh Y.T.,Sirunyan A.M.,213
43389,Chistov R.,Sirunyan A.M.,214
26290,Bertsche D.,Sirunyan A.M.,214
30644,Bueghly J.,Sirunyan A.M.,214
74533,Katkov I.,Sirunyan A.M.,215
109478,Ranken E.,Sirunyan A.M.,215
103987,Penning B.,Sirunyan A.M.,215
90498,Lu N.,Sirunyan A.M.,215
117109,Sirunyan A.M.,d’Enterria D.,217
62928,Hauk J.,Sirunyan A.M.,217
53236,D’Alessandro R.,Sirunyan A.M.,218
50261,Dell’Orso R.,Sirunyan A.M.,218
50915,Di Crescenzo A.,Sirunyan A.M.,218
60119,Grados Luyando J.M.,Sirunyan A.M.,218
101607,O’Dell V.,Sirunyan A.M.,219
115257,Simon S.,Sirunyan A.M.,219
112302,Saini L.K.,Sirunyan A.M.,219
116659,Sirunyan A.M.,Walker M.,220
30022,Brodski M.,Sirunyan A.M.,220
53251,D’Hondt J.,Sirunyan A.M.,220
53239,D’Alfonso M.,Sirunyan A.M.,220
75046,Kellams N.,Sirunyan A.M.,222
116479,Sirunyan A.M.,Vanhoefer A.,222
96745,Mucia N.,Sirunyan A.M.,222
110070,Redjimi R.,Sirunyan A.M.,223
54067,Elumakhov D.,Sirunyan A.M.,224
109058,Quittnat M.,Sirunyan A.M.,225
111927,Saddique A.,Sirunyan A.M.,226
116061,Sirunyan A.M.,Sutar B.,226
88229,Li L.,Sirunyan A.M.,227
13483,Ahmed I.,Sirunyan A.M.,227
116699,Sirunyan A.M.,Wasserbaech S.,227
105697,Pigard P.,Sirunyan A.M.,227
116933,Sirunyan A.M.,You C.,227
47957,Cucciati G.,Sirunyan A.M.,228
113079,Sani M.,Sirunyan A.M.,228
111446,Ruckstuhl N.,Sirunyan A.M.,228
95153,Miagkov I.,Sirunyan A.M.,229
97027,Murillo Quijada J.A.,Sirunyan A.M.,230
49461,De Iorio A.,Sirunyan A.M.,230
89849,Liu Y.F.,Sirunyan A.M.,232
66348,Hunyadi,Sirunyan A.M.,232
115809,Sirunyan A.M.,Slabospitskii S.,232
30003,Brochet S.,Sirunyan A.M.,233
52553,Duchardt D.,Sirunyan A.M.,234
53347,Ebrahimi A.,Sirunyan A.M.,234
53831,El Morabit K.,Sirunyan A.M.,234
116221,Sirunyan A.M.,Thüer S.,234
46080,Ciocca C.,Sirunyan A.M.,235
101553,Overton D.,Sirunyan A.M.,235
116063,Sirunyan A.M.,Suwonjandee N.,235
99184,Niemeyer C.E.N.,Sirunyan A.M.,235
110797,Rodríguez Bouza V.,Sirunyan A.M.,237
110177,Reissel C.,Sirunyan A.M.,237
11708,Abu Zeid S.,Sirunyan A.M.,237
94162,McMaster B.,Sirunyan A.M.,237
61418,Güth A.,Sirunyan A.M.,238
101791,Pak S.I.,Sirunyan A.M.,240
13155,Agaras M.N.,Sirunyan A.M.,240
117070,Sirunyan A.M.,Zuo X.,240
97315,Nabili S.,Sirunyan A.M.,241
56887,Fontanesi E.,Sirunyan A.M.,241
54298,Erdweg S.,Sirunyan A.M.,241
36911,Chaparro Sierra L.F.,Sirunyan A.M.,242
77138,Kim J.,Tumasyan A.,242
48132,Da Rold A.,Sirunyan A.M.,243
111163,Rosenzweig D.,Sirunyan A.M.,243
109071,Rabadan-Trejo R.I.,Sirunyan A.M.,243
95993,Monti F.,Sirunyan A.M.,243
52994,Duran-Osuna M.C.,Sirunyan A.M.,244
59759,Gonzalez Suarez R.,Sirunyan A.M.,244
115470,Sinthuprasith T.,Sirunyan A.M.,244
87442,Lenzi T.,Sirunyan A.M.,244
107394,Poyraz D.,Sirunyan A.M.,244
93365,Martinez Ruiz del Arbol P.,Sirunyan A.M.,245
73039,Kamin J.,Sirunyan A.M.,245
110212,Rembser J.,Sirunyan A.M.,245
61195,Gurpinar E.,Sirunyan A.M.,245
47638,Courbon B.,Sirunyan A.M.,245
93716,Matos Figueiredo D.,Sirunyan A.M.,246
31818,Bäni L.,Sirunyan A.M.,246
115327,Singh G.,Sirunyan A.M.,246
97229,Mäenpää T.,Sirunyan A.M.,247
60164,Granier de Cassagnac R.,Sirunyan A.M.,248
116595,Sirunyan A.M.,Virdi A.K.,248
17941,Antropov I.,Sirunyan A.M.,249
12736,Ackert A.,Sirunyan A.M.,249
116709,Sirunyan A.M.,Wayand S.,249
116725,Sirunyan A.M.,Weiler T.,249
114571,Shalhout S.,Sirunyan A.M.,249
11123,Abdulsalam A.,Sirunyan A.M.,249
63255,Heindl S.M.,Sirunyan A.M.,249
106325,Plagge M.,Sirunyan A.M.,249
47012,Colombo F.,Sirunyan A.M.,249
117058,Sirunyan A.M.,Zoi I.,249
84471,Lacroix F.,Sirunyan A.M.,249
116274,Sirunyan A.M.,Torassa E.,250
95969,Montanari A.,Sirunyan A.M.,250
116508,Sirunyan A.M.,Vavilov S.,250
116295,Sirunyan A.M.,Touquet G.,250
57233,Freund B.,Sirunyan A.M.,250
74155,Karjavine V.,Sirunyan A.M.,251
29207,Borrello L.,Sirunyan A.M.,251
66256,Hung W.T.,Sirunyan A.M.,251
94823,Mendis D.R.,Sirunyan A.M.,252
61806,Hamel de Monchenault G.,Sirunyan A.M.,252
116092,Sirunyan A.M.,Tabarelli de Fatis T.,252
116821,Sirunyan A.M.,Womersley W.J.,253
58161,Garcia-Ferrero J.,Sirunyan A.M.,253
55524,Fasanella G.,Sirunyan A.M.,253
93115,Marco J.,Sirunyan A.M.,253
51719,Domínguez Damiani D.,Sirunyan A.M.,254
122100,Tumasyan A.,Wang J.,254
55986,Fernandez Bedoya C.,Sirunyan A.M.,254
29506,Bouvier E.,Sirunyan A.M.,254
114639,Sharma A.,Tumasyan A.,254
26613,Bhattacharya S.,Tumasyan A.,254
94184,Mcbrayer W.,Sirunyan A.M.,254
116996,Sirunyan A.M.,Zeyrek M.,255
116826,Sirunyan A.M.,Wood J.,255
50485,Deroover K.,Sirunyan A.M.,256
65275,Hrubec J.,Sirunyan A.M.,256
110891,Rohringer H.,Sirunyan A.M.,256
110166,Reinsvold A.,Sirunyan A.M.,256
46802,Colafranceschi S.,Sirunyan A.M.,256
52576,Dudero P.R.,Sirunyan A.M.,256
58970,Ghete V.M.,Sirunyan A.M.,256
106482,Pol M.E.,Sirunyan A.M.,256
89662,Liu H.,Sirunyan A.M.,256
56357,Filipovic N.,Sirunyan A.M.,256
57740,Galati G.,Sirunyan A.M.,256
26892,Bian J.G.,Sirunyan A.M.,256
116876,Sirunyan A.M.,Xu Q.,256
60398,Grenier G.,Sirunyan A.M.,257
67270,Innocenti G.M.,Sirunyan A.M.,257
112207,Saha A.,Sirunyan A.M.,257
113752,Saxena P.,Sirunyan A.M.,257
53095,Dutt S.,Sirunyan A.M.,257
100826,Olivito D.,Sirunyan A.M.,257
81087,Kornmayer A.,Sirunyan A.M.,257
91136,Luo W.,Sirunyan A.M.,257
65262,Hreus T.,Sirunyan A.M.,257
64651,Holzner A.,Sirunyan A.M.,257
63237,Heidemann C.,Sirunyan A.M.,257
17904,Antonelli L.,Sirunyan A.M.,257
24460,Barone L.,Sirunyan A.M.,257
19204,Arndt T.,Sirunyan A.M.,257
22579,Azzolini V.,Sirunyan A.M.,257
33228,Castle J.,Sirunyan A.M.,257
84451,Lacaprara S.,Sirunyan A.M.,258
33410,Cenna F.,Sirunyan A.M.,258
88143,Li H.,Sirunyan A.M.,258
116364,Sirunyan A.M.,Tucker J.,258
25741,Benitez J.F.,Sirunyan A.M.,258
102617,Papavergou I.,Sirunyan A.M.,259
64559,Hoh S.Y.,Sirunyan A.M.,259
116808,Sirunyan A.M.,Wittmann J.,259
18618,Araujo M.,Sirunyan A.M.,259
55177,Fagot A.,Sirunyan A.M.,259
113855,Schiber C.,Sirunyan A.M.,259
112208,Saha G.,Sirunyan A.M.,259
59455,Godshalk A.,Sirunyan A.M.,260
116112,Sirunyan A.M.,Tali B.,260
116809,Sirunyan A.M.,Wittmer B.,261
56634,Flouris G.,Sirunyan A.M.,261
101592,Ozkorucuklu S.,Sirunyan A.M.,261
71008,Jo Y.,Sirunyan A.M.,262
117071,Sirunyan A.M.,Zuolo D.,262
91405,MacDonald E.,Sirunyan A.M.,262
56181,Ferraioli C.,Sirunyan A.M.,262
102650,Paradas E.,Sirunyan A.M.,262
58742,Gelli S.,Sirunyan A.M.,262
115839,Sirunyan A.M.,Snigirev A.,262
89498,Linn S.,Sirunyan A.M.,262
107962,Preiato F.,Sirunyan A.M.,262
112186,Safarzadeh B.,Sirunyan A.M.,262
21455,Avdeeva E.,Sirunyan A.M.,262
60541,Grothe M.,Sirunyan A.M.,263
100700,Okhotnikov V.,Sirunyan A.M.,263
47489,Correia Silva G.,Sirunyan A.M.,264
105901,Piotrzkowski K.,Sirunyan A.M.,265
109381,Ramirez-Garcia M.,Sirunyan A.M.,266
114093,Schütze P.,Sirunyan A.M.,267
54495,Eskandari Tadavani E.,Sirunyan A.M.,269
67115,Ince M.,Sirunyan A.M.,270
63958,Hiltbrand J.,Sirunyan A.M.,270
94194,Mcginn C.,Sirunyan A.M.,271
91487,Mackay C.K.,Sirunyan A.M.,273
115801,Sirunyan A.M.,Skatchkov N.,273
57141,Franco Sevilla M.,Sirunyan A.M.,273
111317,Royon C.,Sirunyan A.M.,274
58199,García Alonso A.,Sirunyan A.M.,275
116571,Sirunyan A.M.,Vidal Marono M.,275
116382,Sirunyan A.M.,Turkot O.,275
102763,Park J.,Sirunyan A.M.,277
56470,Fischer R.,Sirunyan A.M.,278
80420,Kolosova M.,Sirunyan A.M.,278
116052,Sirunyan A.M.,Sunar Cerci D.,278
26552,Bhat M.A.,Sirunyan A.M.,279
33382,Cecchi C.,Sirunyan A.M.,279
74810,Kayis Topaksu A.,Sirunyan A.M.,279
62141,Hanlon J.,Sirunyan A.M.,279
89470,Ling T.Y.,Sirunyan A.M.,279
116994,Sirunyan A.M.,Zevi Della Porta G.,280
47560,Costa S.,Sirunyan A.M.,280
32717,Carlsmith D.,Sirunyan A.M.,280
59779,González Hernández C.F.,Sirunyan A.M.,280
97112,Mussgiller A.,Sirunyan A.M.,280
53369,Eckstein D.,Sirunyan A.M.,280
74170,Karmakar S.,Sirunyan A.M.,280
94191,Mcdermott K.,Sirunyan A.M.,281
51125,Diez Pardos C.,Sirunyan A.M.,281
54475,Esch T.,Sirunyan A.M.,281
95660,Mohamad Idris F.,Sirunyan A.M.,282
116461,Sirunyan A.M.,Van Parijs I.,282
66827,Iemmi F.,Sirunyan A.M.,282
24701,Baskakov A.,Sirunyan A.M.,282
94188,Mccoll N.,Sirunyan A.M.,282
56166,Fernández Manteca P.J.,Sirunyan A.M.,282
116235,Sirunyan A.M.,Titterton A.,283
104953,Philippov D.,Sirunyan A.M.,283
56004,Fernandez Perez Tomei T.R.,Sirunyan A.M.,284
51662,Dolek F.,Sirunyan A.M.,284
116982,Sirunyan A.M.,Zeinali M.,284
110395,Rezaei Hosseinabadi F.,Sirunyan A.M.,284
67809,Isik C.,Sirunyan A.M.,284
74004,Kar C.,Sirunyan A.M.,285
116688,Sirunyan A.M.,Wang X.,285
47165,Cometti S.,Sirunyan A.M.,286
69950,Jeon D.,Sirunyan A.M.,286
90781,Luetic J.,Sirunyan A.M.,287
85548,Lauwers J.,Sirunyan A.M.,287
116236,Sirunyan A.M.,Tiwari P.C.,287
108792,Pyskir A.,Sirunyan A.M.,287
63236,Heideman J.,Sirunyan A.M.,287
115861,Sirunyan A.M.,Soldi D.,287
62379,Haranko M.,Sirunyan A.M.,288
115982,Sirunyan A.M.,Stolp D.,288
72764,Kalafut S.,Sirunyan A.M.,288
100057,Nowatschin D.,Sirunyan A.M.,288
93116,Marconi D.,Sirunyan A.M.,288
95399,Mirman N.,Sirunyan A.M.,288
77111,Kim H.S.,Sirunyan A.M.,289
116005,Sirunyan A.M.,Strom D.,290
97214,Myronenko V.,Sirunyan A.M.,290
112846,Sandeep K.,Sirunyan A.M.,290
61880,Han J.,Sirunyan A.M.,291
62588,Harrendorf M.A.,Sirunyan A.M.,291
109207,Rahmani M.,Sirunyan A.M.,291
116213,Sirunyan A.M.,Thomassen P.,291
75050,Keller H.,Sirunyan A.M.,291
91129,Luo S.,Sirunyan A.M.,291
93197,Marinov A.,Sirunyan A.M.,291
26791,Bhopatkar V.,Sirunyan A.M.,291
96879,Multhaup J.,Sirunyan A.M.,291
114732,Sheffield D.,Sirunyan A.M.,291
96368,Moreels L.,Sirunyan A.M.,291
116348,Sirunyan A.M.,Tsipolitis G.,291
50739,Dey S.,Sirunyan A.M.,292
116722,Sirunyan A.M.,Wei H.,292
77063,Kim D.,Sirunyan A.M.,292
116558,Sirunyan A.M.,Verzocchi M.,292
115827,Sirunyan A.M.,Smith D.,292
116157,Sirunyan A.M.,Taylor J.,292
95490,Mitchell T.,Sirunyan A.M.,293
80919,Kontaxakis P.,Sirunyan A.M.,293
111912,Sacchi R.,Sirunyan A.M.,294
91548,Madrid C.,Sirunyan A.M.,294
92109,Major P.,Sirunyan A.M.,294
15611,Alhusseini M.,Sirunyan A.M.,295
110134,Reichmann M.,Sirunyan A.M.,295
107226,Postiau N.,Sirunyan A.M.,295
59288,Girgis S.,Sirunyan A.M.,295
116822,Sirunyan A.M.,Wong K.,295
104510,Pflitsch S.K.,Sirunyan A.M.,295
83369,Kukral O.,Sirunyan A.M.,295
74094,Kardapoltsev L.,Sirunyan A.M.,296
51193,Dimova T.,Sirunyan A.M.,296
53502,Ehataht K.,Sirunyan A.M.,296
89976,Lohan M.,Sirunyan A.M.,296
52814,Dulemba J.L.,Sirunyan A.M.,296
32966,Carrillo Montoya C.A.,Sirunyan A.M.,296
55274,Fallon C.,Sirunyan A.M.,296
59535,Gola M.,Sirunyan A.M.,296
21693,Ayala E.,Sirunyan A.M.,296
26547,Bharti M.,Sirunyan A.M.,297
64312,Hlushchenko O.,Sirunyan A.M.,297
116147,Sirunyan A.M.,Taus R.,297
49986,Defranchis M.M.,Sirunyan A.M.,297
114434,Sert H.,Sirunyan A.M.,297
29631,Bragagnolo A.,Sirunyan A.M.,297
116427,Sirunyan A.M.,Vagnerini A.,297
108058,Priyanka P.,Sirunyan A.M.,297
116022,Sirunyan A.M.,Stöver M.,298
110502,Rieger O.,Sirunyan A.M.,298
116119,Sirunyan A.M.,Tan P.,298
102976,Paspalaki G.,Sirunyan A.M.,298
25926,Benvenuti A.C.,Sirunyan A.M.,298
95299,Mills C.,Sirunyan A.M.,298
100545,Oglakci M.,Sirunyan A.M.,299
55830,Feng L.,Sirunyan A.M.,299
25695,Benecke A.,Sirunyan A.M.,299
114551,Shaheen S.M.,Sirunyan A.M.,299
55681,Fehling D.,Sirunyan A.M.,299
113958,Schomakers C.,Sirunyan A.M.,299
23524,Ball F.,Sirunyan A.M.,299
40228,Chatterjee K.,Sirunyan A.M.,299
72175,Järvinen T.,Sirunyan A.M.,299
116355,Sirunyan A.M.,Tsitsonis D.,299
75983,Kharchilava A.,Sirunyan A.M.,299
48044,Curry D.,Sirunyan A.M.,299
50948,Di Guida S.,Sirunyan A.M.,300
112581,Salerno D.,Sirunyan A.M.,300
116524,Sirunyan A.M.,Vellidis K.,300
50687,Devetak D.,Sirunyan A.M.,301
114201,Segura Delgado M.A.,Sirunyan A.M.,302
91748,Magitteri A.,Sirunyan A.M.,302
116516,Sirunyan A.M.,Vazzoler F.,302
114049,Schwanenberger C.,Sirunyan A.M.,302
116959,Sirunyan A.M.,Zaganidis N.,302
110534,Riley G.,Sirunyan A.M.,302
116047,Sirunyan A.M.,Sun J.,302
22674,Babounikau I.,Sirunyan A.M.,302
93200,Marionneau M.,Sirunyan A.M.,303
71095,Johnson A.,Sirunyan A.M.,303
61350,Gyun D.,Sirunyan A.M.,303
42346,Cherepanov V.,Sirunyan A.M.,303
46055,Cieri D.,Sirunyan A.M.,303
115309,Singh A.,Sirunyan A.M.,303
24838,Bat A.,Sirunyan A.M.,303
98379,Nehrkorn A.,Sirunyan A.M.,303
40662,Chaves J.,Sirunyan A.M.,303
67812,Isildak B.,Sirunyan A.M.,303
56640,Flowers S.,Sirunyan A.M.,303
114299,Sen S.,Sirunyan A.M.,304
106505,Polikarpov S.,Sirunyan A.M.,304
90816,Lujan P.,Sirunyan A.M.,306
116611,Sirunyan A.M.,Voevodina E.,306
95533,Mittag G.,Sirunyan A.M.,307
113266,Sanz Becerra D.A.,Sirunyan A.M.,308
112829,Sanchez Rosas L.J.,Sirunyan A.M.,308
109383,Ramirez-Sanchez G.,Sirunyan A.M.,310
117080,Sirunyan A.M.,de Barbaro P.,310
117099,Sirunyan A.M.,de Trocóniz J.F.,312
116836,Sirunyan A.M.,Wright J.,312
102926,Parygin P.,Sirunyan A.M.,312
84941,Laner C.,Sirunyan A.M.,312
27360,Blobel V.,Sirunyan A.M.,312
95447,Misiura M.,Sirunyan A.M.,312
94792,Melo De Almeida M.,Sirunyan A.M.,313
92641,Mandrik P.,Sirunyan A.M.,314
87375,Leloup C.,Sirunyan A.M.,314
84234,Kutzner V.,Sirunyan A.M.,314
30231,Brun H.,Sirunyan A.M.,315
50929,Di Florio A.,Sirunyan A.M.,315
29679,Brandstetter J.,Sirunyan A.M.,315
84965,Lange J.,Sirunyan A.M.,316
106338,Planer M.,Sirunyan A.M.,316
96762,Mueller C.,Sirunyan A.M.,316
93049,Mao Z.,Sirunyan A.M.,316
92257,Makovec A.,Sirunyan A.M.,316
91362,Ma P.,Sirunyan A.M.,316
83973,Kunkle J.,Sirunyan A.M.,316
116828,Sirunyan A.M.,Woods N.,316
76927,Kiesel M.K.,Sirunyan A.M.,316
71955,Jung K.,Sirunyan A.M.,316
46205,Clarida W.,Sirunyan A.M.,316
75186,Kennedy E.,Sirunyan A.M.,316
13110,Afanasiev S.,Sirunyan A.M.,316
20654,Atakisi I.O.,Sirunyan A.M.,316
116657,Sirunyan A.M.,Walia G.,317
116445,Sirunyan A.M.,Van De Klundert M.,318
116642,Sirunyan A.M.,Vámi T.,318
105664,Pieters M.,Sirunyan A.M.,318
41063,Chekhovsky V.,Sirunyan A.M.,319
32744,Carnes A.,Sirunyan A.M.,319
116262,Sirunyan A.M.,Tonelli Manganote E.J.,319
116298,Sirunyan A.M.,Traczyk P.,320
116559,Sirunyan A.M.,Vesterbacka Olsson M.L.,320
109981,Raymond D.M.,Sirunyan A.M.,321
72832,Kalinin A.,Sirunyan A.M.,321
58977,Ghiasi Shirazi S.M.A.,Sirunyan A.M.,321
36945,Charaf O.,Sirunyan A.M.,321
57293,Frueboes T.,Sirunyan A.M.,321
95761,Moisenz P.,Sirunyan A.M.,322
109926,Rauch M.P.,Sirunyan A.M.,322
26665,Bheesette S.,Sirunyan A.M.,323
52473,Duarte Campderros J.,Sirunyan A.M.,323
69099,Jansová M.,Sirunyan A.M.,323
20238,Asilar E.,Sirunyan A.M.,324
41652,Chen Z.,Sirunyan A.M.,324
95940,Monroy J.,Sirunyan A.M.,325
92897,Manoni E.,Sirunyan A.M.,325
108072,Prokofyev O.,Sirunyan A.M.,325
33078,Carvalho Antunes De Oliveira A.,Sirunyan A.M.,325
58743,Gelmi A.,Sirunyan A.M.,325
82977,Krohn M.,Sirunyan A.M.,325
49537,De Mattia M.,Sirunyan A.M.,326
111510,Ruini D.,Sirunyan A.M.,326
96384,Morelos Pineda A.,Sirunyan A.M.,326
60797,Gul M.,Sirunyan A.M.,326
116025,Sirunyan A.M.,Suarez Gonzalez J.,326
48609,Danilov V.,Sirunyan A.M.,326
87447,Leonardi R.,Sirunyan A.M.,326
116770,Sirunyan A.M.,Wiederkehr S.A.,326
80070,Knolle J.,Sirunyan A.M.,326
116550,Sirunyan A.M.,Vermassen B.,326
104333,Petrushanko S.,Sirunyan A.M.,327
54428,Ershov A.,Sirunyan A.M.,327
75995,Khatiwada A.,Sirunyan A.M.,327
42365,Chernyavskaya N.,Sirunyan A.M.,327
29546,Bowen J.,Sirunyan A.M.,327
113830,Scharf C.,Sirunyan A.M.,328
84496,Lagarde F.,Sirunyan A.M.,328
24552,Barth C.,Sirunyan A.M.,328
51571,Doan T.H.,Sirunyan A.M.,328
60409,Gribushin A.,Sirunyan A.M.,328
104088,Perieanu A.,Sirunyan A.M.,328
26099,Bermúdez Martínez A.,Sirunyan A.M.,328
116335,Sirunyan A.M.,Trovato M.,328
109291,Rakness G.,Sirunyan A.M.,328
115977,Sirunyan A.M.,Stober F.M.,328
60096,Gozzelino A.,Sirunyan A.M.,329
117127,Sirunyan A.M.,Álvarez Fernández A.,329
25383,Belchior Batista Das Chagas E.,Sirunyan A.M.,329
66801,Ibrahim Z.A.,Sirunyan A.M.,330
114233,Seitz C.,Sirunyan A.M.,330
110152,Reimers A.,Sirunyan A.M.,331
40884,Chazin Quero B.,Sirunyan A.M.,331
102600,Papakrivopoulos I.,Sirunyan A.M.,331
85475,Lattaud H.,Sirunyan A.M.,331
98470,Neutelings I.,Sirunyan A.M.,333
27760,Bondu O.,Sirunyan A.M.,333
48914,Datta A.,Sirunyan A.M.,333
116634,Sirunyan A.M.,Voytishin N.,333
61097,Gupta R.,Sirunyan A.M.,333
56860,Fonseca De Souza S.,Sirunyan A.M.,333
116046,Sirunyan A.M.,Sumorok K.,333
58582,Gavrilenko M.,Sirunyan A.M.,334
30318,Brzhechko D.,Sirunyan A.M.,334
95703,Mohammadi Najafabadi M.,Sirunyan A.M.,334
114897,Shin Y.H.,Sirunyan A.M.,334
116553,Sirunyan A.M.,Vernieri C.,334
116281,Sirunyan A.M.,Torres Da Silva De Araujo F.,334
51946,Dosselli U.,Sirunyan A.M.,335
32031,Calderon De La Barca Sanchez M.,Sirunyan A.M.,335
85465,Latino G.,Sirunyan A.M.,335
33189,Castaneda Hernandez A.,Sirunyan A.M.,335
94679,Mejia Guisao J.,Sirunyan A.M.,336
29998,Brochero Cifuentes J.A.,Sirunyan A.M.,336
30929,Bunin P.,Sirunyan A.M.,337
54450,Escalante Del Valle A.,Sirunyan A.M.,338
116998,Sirunyan A.M.,Zhang A.,338
22635,Babaev A.,Sirunyan A.M.,338
32945,Carrera Jarrin E.,Sirunyan A.M.,338
108375,Puerta Pelayo J.,Sirunyan A.M.,339
116514,Sirunyan A.M.,Vazquez Valencia F.,339
100851,Olmedo Negrete M.,Sirunyan A.M.,339
73034,Kamenev A.,Sirunyan A.M.,339
105821,Pinna Angioni G.L.,Sirunyan A.M.,339
26542,Bhardwaj R.,Sirunyan A.M.,340
82720,Krammer M.,Sirunyan A.M.,340
60076,Goy Lopez S.,Sirunyan A.M.,340
101287,Oropeza Barrera C.,Sirunyan A.M.,341
42265,Cheng Y.,Sirunyan A.M.,341
116131,Sirunyan A.M.,Tapia Takaki J.D.,341
15290,Alcaraz Maestre J.,Sirunyan A.M.,341
59626,Gomez Ceballos G.,Sirunyan A.M.,341
93360,Martinez Rivero C.,Sirunyan A.M.,341
116583,Sirunyan A.M.,Vilela Pereira A.,341
87852,Levchenko P.,Sirunyan A.M.,341
56169,Fernández Ramos J.P.,Sirunyan A.M.,342
108016,Prieels C.,Sirunyan A.M.,342
108816,Pérez-Calero Yzquierdo A.,Sirunyan A.M.,342
96522,Morton A.,Sirunyan A.M.,342
116411,Sirunyan A.M.,Uribe Estrada C.,342
106236,Pitters F.M.,Sirunyan A.M.,342
115929,Sirunyan A.M.,Stahl Leiton A.G.,342
32970,Carrillo Moreno S.,Sirunyan A.M.,342
112820,Sanchez Cruz S.,Sirunyan A.M.,342
115321,Singh B.,Sirunyan A.M.,342
26793,Bhowmik D.,Sirunyan A.M.,342
116601,Sirunyan A.M.,Vit M.,342
110044,Rebello Teles P.,Sirunyan A.M.,342
111271,Rout P.K.,Sirunyan A.M.,342
50232,Delgado Peris A.,Sirunyan A.M.,342
116315,Sirunyan A.M.,Triantis F.A.,343
24679,Baselga M.,Sirunyan A.M.,343
66400,Hurtado Anampa K.,Sirunyan A.M.,343
15311,Aldaya Martin M.,Sirunyan A.M.,343
24514,Barrio Luna M.,Sirunyan A.M.,343
96265,Mora Herrera C.,Sirunyan A.M.,343
111292,Roy Chowdhury S.,Sirunyan A.M.,343
101981,Palencia Cortezon E.,Sirunyan A.M.,344
116668,Sirunyan A.M.,Wan Abdullah W.A.T.,344
116606,Sirunyan A.M.,Vizan Garcia J.M.,344
112562,Salazar Ibarguen H.A.,Sirunyan A.M.,344
52513,Dubinin M.,Sirunyan A.M.,344
62398,Hardenbrook J.,Sirunyan A.M.,344
56000,Fernandez Menendez J.,Sirunyan A.M.,344
59775,González Fernández J.R.,Sirunyan A.M.,344
105619,Piedra Gomez J.,Sirunyan A.M.,344
59741,Gonzalez Caballero I.,Sirunyan A.M.,344
83166,Krätschmer I.,Sirunyan A.M.,344
59756,Gonzalez Lopez O.,Sirunyan A.M.,344
57762,Galinhas B.,Sirunyan A.M.,345
33433,Cerci S.,Sirunyan A.M.,345
96544,Mossolov V.,Sirunyan A.M.,345
109137,Radogna R.,Sirunyan A.M.,345
46747,Codispoti G.,Sirunyan A.M.,345
24366,Barker A.,Sirunyan A.M.,345
111025,Romero A.,Sirunyan A.M.,345
115035,Shulha S.,Sirunyan A.M.,345
111514,Ruiz Alvarez J.D.,Sirunyan A.M.,345
111295,Roy D.,Sirunyan A.M.,346
116972,Sirunyan A.M.,Zanetti A.,346
21364,Autermann C.,Sirunyan A.M.,346
115999,Sirunyan A.M.,Strebler T.,346
116037,Sirunyan A.M.,Sulak L.,346
82504,Kovalchuk N.,Sirunyan A.M.,346
95276,Miller D.H.,Sirunyan A.M.,347
26658,Bhawandeep U.,Sirunyan A.M.,347
26339,Betts R.R.,Sirunyan A.M.,347
104193,Perry T.,Sirunyan A.M.,347
54098,Eminizer N.,Sirunyan A.M.,347
24510,Barria P.,Sirunyan A.M.,347
115869,Sirunyan A.M.,Son D.C.,347
56556,Flechl M.,Sirunyan A.M.,347
95362,Miniello G.,Sirunyan A.M.,347
54302,Eren E.,Sirunyan A.M.,348
50006,Deiters K.,Sirunyan A.M.,348
115828,Sirunyan A.M.,Smith G.,348
25239,Beernaert K.,Sirunyan A.M.,348
93268,Marraffino J.M.,Sirunyan A.M.,348
116431,Sirunyan A.M.,Vaitkus J.,348
103717,Pazzini J.,Sirunyan A.M.,348
29110,Boren S.,Sirunyan A.M.,348
33400,Celik A.,Sirunyan A.M.,348
47251,Conte E.,Sirunyan A.M.,348
47260,Contreras-Campana C.,Sirunyan A.M.,348
27211,Bitioukov S.,Sirunyan A.M.,348
62585,Harr R.,Sirunyan A.M.,348
63233,Heidegger C.,Sirunyan A.M.,348
82797,Kreis B.,Sirunyan A.M.,348
47630,Coughlan J.A.,Sirunyan A.M.,348
25284,Behrens U.,Sirunyan A.M.,348
46743,Cocoros A.,Sirunyan A.M.,348
72273,Kadija K.,Sirunyan A.M.,348
100018,Nourbakhsh S.,Sirunyan A.M.,348
13980,Akbiyik M.,Sirunyan A.M.,348
116572,Sirunyan A.M.,Vidal R.,348
52574,Dudenas V.,Sirunyan A.M.,348
52579,Dudko L.,Sirunyan A.M.,348
57682,Gadrat S.,Sirunyan A.M.,348
72956,Kamalieddin R.,Sirunyan A.M.,349
116342,Sirunyan A.M.,Tsamalaidze Z.,349
80523,Komurcu Y.,Sirunyan A.M.,349
50934,Di Francesco A.,Sirunyan A.M.,349
52823,Dumanoglu I.,Sirunyan A.M.,350
32012,Calabria C.,Sirunyan A.M.,350
78080,Klabbers P.,Sirunyan A.M.,350
27073,Bin Anuar A.A.,Sirunyan A.M.,350
42798,Chierici R.,Sirunyan A.M.,351
104174,Perries S.,Sirunyan A.M.,351
115879,Sirunyan A.M.,Sordini V.,351
116470,Sirunyan A.M.,Vander Velde C.,351
59903,Gorbunov I.,Sirunyan A.M.,352
116469,Sirunyan A.M.,Vander Donckt M.,352
117055,Sirunyan A.M.,Zobec J.,352
41203,Chen G.,Sirunyan A.M.,352
63642,Heredia-De La Cruz I.,Sirunyan A.M.,352
110851,Rogan C.,Sirunyan A.M.,353
99029,Nguyen T.Q.,Sirunyan A.M.,353
54754,Eysermans J.,Sirunyan A.M.,353
61353,Gómez Espinosa T.A.,Sirunyan A.M.,356
85973,Le Bihan A.C.,Sirunyan A.M.,358
53803,El Mamouni H.,Sirunyan A.M.,360
116185,Sirunyan A.M.,Teroerde M.,360
108944,Qiu H.,Sirunyan A.M.,360
88191,Li J.,Sirunyan A.M.,360
54078,Elwood A.,Sirunyan A.M.,361
26296,Beschi A.,Sirunyan A.M.,361
57216,Freer C.,Sirunyan A.M.,364
116803,Sirunyan A.M.,Wisecarver A.,364
92367,Malbouisson H.,Sirunyan A.M.,364
116868,Sirunyan A.M.,Xiao R.,364
74566,Katsoulis P.,Sirunyan A.M.,364
116672,Sirunyan A.M.,Wang B.,364
30504,Bucci R.,Sirunyan A.M.,364
115884,Sirunyan A.M.,Sosnov D.,364
22723,Bachiller I.,Sirunyan A.M.,364
116667,Sirunyan A.M.,Wamorkar T.,364
84180,Kurz S.,Sirunyan A.M.,364
59069,Gianneios P.,Sirunyan A.M.,365
27177,Bisello D.,Sirunyan A.M.,366
49403,De Castro Manzano P.,Sirunyan A.M.,366
71601,Joshi Y.R.,Sirunyan A.M.,366
110387,Reyes-Almanza R.,Sirunyan A.M.,366
49494,De La Cruz B.,Sirunyan A.M.,366
74625,Kaur M.,Sirunyan A.M.,367
80010,Klyukhin V.,Sirunyan A.M.,367
116774,Sirunyan A.M.,Wightman A.,367
116363,Sirunyan A.M.,Tu Z.,367
115108,Siddireddy P.,Sirunyan A.M.,367
51602,Dodd L.,Sirunyan A.M.,367
98024,Naseri M.,Sirunyan A.M.,368
74876,Keaveney J.,Sirunyan A.M.,368
70167,Ji W.,Sirunyan A.M.,368
97083,Musella P.,Sirunyan A.M.,368
26512,Bhandari R.,Sirunyan A.M.,368
59744,Gonzalez D.,Sirunyan A.M.,368
70319,Jiang C.H.,Sirunyan A.M.,368
83306,Kudella S.,Sirunyan A.M.,368
116726,Sirunyan A.M.,Weinberg M.,368
29759,Bravo C.,Sirunyan A.M.,368
63241,Heikkilä J.K.,Sirunyan A.M.,369
114810,Shevchenko R.,Sirunyan A.M.,369
46760,Coelho E.,Sirunyan A.M.,370
116249,Sirunyan A.M.,Tok U.G.,370
117068,Sirunyan A.M.,Zumerle G.,370
49498,De La Cruz-Burelo E.,Sirunyan A.M.,371
116765,Sirunyan A.M.,Wickramage N.,371
55281,Faltermann N.,Sirunyan A.M.,372
115157,Siikonen H.,Sirunyan A.M.,373
85539,Laurila S.,Sirunyan A.M.,373
62947,Havukainen J.,Sirunyan A.M.,373
111747,Russo L.,Sirunyan A.M.,374
89428,Linacre J.,Sirunyan A.M.,374
116561,Sirunyan A.M.,Vesztergombi G.,374
111208,Rossi A.M.,Sirunyan A.M.,374
50200,Delannoy H.,Sirunyan A.M.,375
97137,Muthumuni S.,Sirunyan A.M.,375
114729,Shchutska L.,Sirunyan A.M.,375
27060,Bilki B.,Sirunyan A.M.,375
50163,Del Burgo R.,Sirunyan A.M.,375
116859,Sirunyan A.M.,Wöhrmann C.,375
94869,Mengke T.,Sirunyan A.M.,375
116679,Sirunyan A.M.,Wang M.,375
94983,Mesic B.,Sirunyan A.M.,376
107398,Pozdnyakov I.,Sirunyan A.M.,376
78209,Klein D.,Sirunyan A.M.,376
116196,Sirunyan A.M.,Thapa P.,376
96619,Mozer M.U.,Sirunyan A.M.,376
62823,Hassan Q.,Sirunyan A.M.,376
116206,Sirunyan A.M.,Tholen H.,376
114822,Shi K.,Sirunyan A.M.,377
74636,Kaur S.,Sirunyan A.M.,377
77037,Kilpatrick M.,Sirunyan A.M.,377
16399,Ambrogi F.,Sirunyan A.M.,377
80239,Kodolova O.,Sirunyan A.M.,377
71577,Joshi B.M.,Sirunyan A.M.,377
62756,Hashemi B.,Sirunyan A.M.,377
59373,Gleyzer S.V.,Sirunyan A.M.,377
115948,Sirunyan A.M.,Starling E.,377
115822,Sirunyan A.M.,Smirnov V.,378
29134,Borgonovi L.,Sirunyan A.M.,378
112198,Saggio A.,Sirunyan A.M.,378
51898,Dorfer C.,Sirunyan A.M.,379
114833,Shi W.,Sirunyan A.M.,379
57201,Freed S.,Sirunyan A.M.,379
116961,Sirunyan A.M.,Zahid S.,379
49919,Deelen N.,Sirunyan A.M.,379
59161,Gilbert D.,Sirunyan A.M.,379
114062,Schweiger K.,Sirunyan A.M.,379
116646,Sirunyan A.M.,Wadud M.A.,379
107308,Poudyal N.,Sirunyan A.M.,379
22792,Backhaus M.,Sirunyan A.M.,379
116203,Sirunyan A.M.,Thiel M.,379
108984,Quach D.,Sirunyan A.M.,379
25423,Bell K.W.,Sirunyan A.M.,379
116945,Sirunyan A.M.,Yuan L.,379
61494,Hadley M.,Sirunyan A.M.,379
55889,Feng Y.,Sirunyan A.M.,379
49086,David P.,Sirunyan A.M.,379
116057,Sirunyan A.M.,Surányi O.,379
65450,Hu M.,Sirunyan A.M.,379
49467,De Jesus Damiao D.,Sirunyan A.M.,380
95722,Mohanty G.B.,Sirunyan A.M.,380
101701,Paganini P.,Sirunyan A.M.,381
50918,Di Croce D.,Sirunyan A.M.,381
29119,Borg J.,Sirunyan A.M.,382
29789,Breedon R.,Sirunyan A.M.,382
25246,Beghin D.,Sirunyan A.M.,382
112253,Sahoo N.,Sirunyan A.M.,383
116451,Sirunyan A.M.,Van Haevermaet H.,383
14881,Albajar C.,Sirunyan A.M.,383
16415,Amendola C.,Sirunyan A.M.,383
48158,Da Silveira G.G.,Sirunyan A.M.,384
48121,Da Costa E.M.,Sirunyan A.M.,384
50475,Derdzinski M.,Sirunyan A.M.,385
106029,Piroué P.,Sirunyan A.M.,385
104156,Perniè L.,Sirunyan A.M.,385
50244,Della Negra M.,Sirunyan A.M.,385
109151,Radziej M.,Sirunyan A.M.,386
95297,Millet P.,Sirunyan A.M.,386
110470,Richardson C.,Sirunyan A.M.,386
81307,Kothekar K.,Sirunyan A.M.,386
91811,Mahakud B.,Sirunyan A.M.,388
117008,Sirunyan A.M.,Zhang S.,388
58460,Gasparini F.,Sirunyan A.M.,388
50249,Della Ricca G.,Sirunyan A.M.,389
31813,Byszuk A.,Sirunyan A.M.,389
111499,Ruggles T.,Sirunyan A.M.,389
26921,Biasini M.,Sirunyan A.M.,389
71713,Joyce M.,Sirunyan A.M.,389
116554,Sirunyan A.M.,Verweij M.,389
90207,Lontkovskyi D.,Sirunyan A.M.,390
116226,Sirunyan A.M.,Tiko A.,390
104189,Perrozzi L.,Sirunyan A.M.,390
17060,Anderson D.,Sirunyan A.M.,390
50959,Di Maria R.,Sirunyan A.M.,390
93875,Mavromanolakis G.,Sirunyan A.M.,390
115976,Sirunyan A.M.,Stieger B.,390
24991,Baur S.,Sirunyan A.M.,390
100879,Olszewski M.,Sirunyan A.M.,391
50962,Di Mattia A.,Sirunyan A.M.,392
116460,Sirunyan A.M.,Van Onsem G.P.,392
70143,Jha V.,Sirunyan A.M.,392
89855,Liu Z.,Sirunyan A.M.,392
116008,Sirunyan A.M.,Strong G.,393
116449,Sirunyan A.M.,Van Doninck W.,393
50173,Del Re D.,Sirunyan A.M.,393
115989,Sirunyan A.M.,Stoye M.,393
112244,Sahin M.,Sirunyan A.M.,394
59993,Gottschalk E.,Sirunyan A.M.,394
50956,Di Marco E.,Sirunyan A.M.,395
49658,De Wit A.,Sirunyan A.M.,395
54446,Erö J.,Sirunyan A.M.,395
112251,Sahoo D.K.,Sirunyan A.M.,395
116863,Sirunyan A.M.,Xia F.,395
56437,Fiori F.,Sirunyan A.M.,395
116454,Sirunyan A.M.,Van Mechelen P.,396
48702,Daponte V.,Sirunyan A.M.,396
53634,Eichhorn T.,Sirunyan A.M.,396
102215,Paneva M.I.,Sirunyan A.M.,396
115954,Sirunyan A.M.,Steen A.,396
115933,Sirunyan A.M.,Stakia A.,396
74176,Karmgard D.J.,Sirunyan A.M.,396
116320,Sirunyan A.M.,Triossi A.,396
96861,Mulholland T.,Sirunyan A.M.,396
60823,Gulhan D.,Sirunyan A.M.,396
46096,Cirkovic P.,Sirunyan A.M.,396
62590,Harrington C.,Sirunyan A.M.,396
111114,Roozbahani B.,Sirunyan A.M.,396
116048,Sirunyan A.M.,Sun M.,396
107981,Preuten M.,Sirunyan A.M.,396
74067,Karathanasis G.,Sirunyan A.M.,396
116138,Sirunyan A.M.,Taroni S.,397
32293,Cankocak K.,Sirunyan A.M.,397
116457,Sirunyan A.M.,Van Mulders P.,397
116453,Sirunyan A.M.,Van Hove P.,397
115261,Simonetto F.,Sirunyan A.M.,397
57578,Funk G.,Sirunyan A.M.,398
58748,Gelé D.,Sirunyan A.M.,398
59324,Givernaud A.,Sirunyan A.M.,398
116287,Sirunyan A.M.,Tos K.,399
111117,Rorie J.,Sirunyan A.M.,399
69894,Jeng G.Y.,Sirunyan A.M.,399
68973,Janjam R.,Sirunyan A.M.,399
108793,Python Q.,Sirunyan A.M.,399
109109,Rad N.,Sirunyan A.M.,399
65315,Hsu D.,Sirunyan A.M.,400
98427,Nessi-Tedaldi F.,Sirunyan A.M.,400
64466,Hobson P.R.,Sirunyan A.M.,400
116463,Sirunyan A.M.,Van Remortel N.,400
15812,Allen B.,Sirunyan A.M.,400
116985,Sirunyan A.M.,Zenaiev O.,400
16157,Alverson G.,Sirunyan A.M.,400
97961,Narayanan S.,Sirunyan A.M.,400
116072,Sirunyan A.M.,Syarif R.,400
82487,Kousouris K.,Sirunyan A.M.,400
113661,Savitskyi M.,Sirunyan A.M.,400
80123,Ko W.,Sirunyan A.M.,400
62748,Hasegawa S.,Sirunyan A.M.,400
105717,Pilot J.,Sirunyan A.M.,400
85392,Lariccia P.,Sirunyan A.M.,401
93105,Marchesini I.,Sirunyan A.M.,401
102005,Palladino V.,Sirunyan A.M.,401
74070,Karavdina A.,Sirunyan A.M.,401
32064,Call K.,Sirunyan A.M.,401
60770,Guilbaud M.,Sirunyan A.M.,401
114033,Schumann S.,Sirunyan A.M.,401
49411,De Clercq J.,Sirunyan A.M.,401
92482,Mallios S.,Sirunyan A.M.,403
32709,Carlin R.,Sirunyan A.M.,403
91539,Madlener T.,Sirunyan A.M.,403
21443,Auzinger G.,Sirunyan A.M.,403
114527,Shah A.,Sirunyan A.M.,403
58463,Gasparini U.,Sirunyan A.M.,404
115897,Sirunyan A.M.,Spalding W.J.,404
114938,Shopova M.,Sirunyan A.M.,404
114830,Shi M.,Sirunyan A.M.,404
87983,Lezki S.,Sirunyan A.M.,404
40971,Checchia P.,Sirunyan A.M.,404
116686,Sirunyan A.M.,Wang T.W.,404
117062,Sirunyan A.M.,Zotto P.,404
92595,Manca E.,Sirunyan A.M.,404
20738,Ather M.W.,Sirunyan A.M.,404
99594,Niu X.,Sirunyan A.M.,405
51928,Dorney B.,Sirunyan A.M.,405
90698,Luckey P.D.,Sirunyan A.M.,405
103918,Peng C.C.,Sirunyan A.M.,405
116678,Sirunyan A.M.,Wang L.,405
116268,Sirunyan A.M.,Tonon N.,405
88537,Liao H.,Sirunyan A.M.,405
47275,Conway R.,Sirunyan A.M.,405
49603,De Roeck A.,Sirunyan A.M.,405
92637,Mandorli G.,Sirunyan A.M.,405
76695,Khvastunov I.,Sirunyan A.M.,405
54422,Errico F.,Sirunyan A.M.,405
66561,Hwang C.,Sirunyan A.M.,405
49441,De Guio F.,Sirunyan A.M.,405
111205,Rossi A.,Sirunyan A.M.,405
59073,Giannini L.,Sirunyan A.M.,405
56609,Flores C.,Sirunyan A.M.,405
115826,Sirunyan A.M.,Smith C.,405
63890,Higginbotham S.,Sirunyan A.M.,405
116522,Sirunyan A.M.,Velicanu D.,405
111171,Roskas C.,Sirunyan A.M.,406
82722,Krammer N.,Sirunyan A.M.,406
48175,Daci N.,Sirunyan A.M.,406
116827,Sirunyan A.M.,Woodard A.,406
98373,Negro G.,Sirunyan A.M.,406
58872,Gerosa R.,Sirunyan A.M.,406
77228,Kim J.S.,Sirunyan A.M.,407
116103,Sirunyan A.M.,Takahashi Y.,407
96751,Mudholkar T.,Sirunyan A.M.,407
49386,De Bruyn I.,Sirunyan A.M.,407
97652,Nam K.,Sirunyan A.M.,407
49415,De Cosa A.,Sirunyan A.M.,407
49379,De Boer W.,Sirunyan A.M.,407
29796,Breeze S.,Sirunyan A.M.,407
49425,De Filippis N.,Sirunyan A.M.,407
115971,Sirunyan A.M.,Stepennov A.,407
115919,Sirunyan A.M.,Spitzbart D.,407
116170,Sirunyan A.M.,Tekten S.,407
116937,Sirunyan A.M.,Yu D.,407
49587,De Palma M.,Sirunyan A.M.,407
115003,Shtipliyski A.,Sirunyan A.M.,407
116802,Sirunyan A.M.,Winterbottom D.,407
47933,Csanad M.,Sirunyan A.M.,408
115902,Sirunyan A.M.,Spanring M.,408
116979,Sirunyan A.M.,Zarucki M.,408
99954,Norberg S.,Sirunyan A.M.,408
100579,Oh G.,Sirunyan A.M.,408
113916,Schmitz E.,Sirunyan A.M.,408
25621,Benaglia A.,Sirunyan A.M.,408
80392,Kole G.,Sirunyan A.M.,408
115912,Sirunyan A.M.,Spiga D.,408
49661,De Wolf E.A.,Sirunyan A.M.,408
116973,Sirunyan A.M.,Zanetti M.,408
101670,Padula S.S.,Sirunyan A.M.,408
95430,Misheva M.,Sirunyan A.M.,408
29648,Brainerd C.,Sirunyan A.M.,409
32282,Canepa A.,Sirunyan A.M.,409
103892,Pena C.,Sirunyan A.M.,409
116395,Sirunyan A.M.,Ujvari B.,409
116763,Sirunyan A.M.,Wichmann K.,409
59522,Gokbulut G.,Sirunyan A.M.,409
26004,Berger P.,Sirunyan A.M.,409
116735,Sirunyan A.M.,Wen Y.,409
117012,Sirunyan A.M.,Zhang Z.,409
117030,Sirunyan A.M.,Zhu D.H.,409
115819,Sirunyan A.M.,Smirnov I.,409
58670,Gecse Z.,Sirunyan A.M.,409
116419,Sirunyan A.M.,Uvarov L.,409
113932,Schneider B.,Sirunyan A.M.,409
50890,Dhingra N.,Sirunyan A.M.,409
116004,Sirunyan A.M.,Strologas J.,409
110347,Ressegotti M.,Sirunyan A.M.,409
29344,Botta V.,Sirunyan A.M.,409
48830,Das P.,Sirunyan A.M.,409
49510,De Lentdecker G.,Sirunyan A.M.,409
23656,Band R.,Sirunyan A.M.,409
60156,Grandi C.,Sirunyan A.M.,409
74139,Karimäki V.,Sirunyan A.M.,409
78244,Klijnsma T.,Sirunyan A.M.,409
26903,Bianco M.,Sirunyan A.M.,409
116373,Sirunyan A.M.,Tuominen E.,409
40233,Chatterjee S.,Sirunyan A.M.,409
58080,Gao X.,Sirunyan A.M.,410
48849,Das S.,Sirunyan A.M.,410
116536,Sirunyan A.M.,Verbeke W.,410
101597,Ozok F.,Sirunyan A.M.,410
96037,Moon D.H.,Sirunyan A.M.,410
94843,Meneguzzo A.T.,Sirunyan A.M.,410
22708,Bacchetta N.,Sirunyan A.M.,410
117045,Sirunyan A.M.,Zientek M.,411
111217,Rossin R.,Sirunyan A.M.,411
29095,Boran F.,Sirunyan A.M.,411
68206,Ivanov Y.,Sirunyan A.M.,411
22582,Azzurri P.,Sirunyan A.M.,411
95836,Monaco V.,Sirunyan A.M.,411
73434,Kangal E.E.,Sirunyan A.M.,411
116289,Sirunyan A.M.,Tosi N.,411
94045,McBride P.,Sirunyan A.M.,411
62387,Harb A.,Sirunyan A.M.,411
90420,Lourenço C.,Sirunyan A.M.,411
114786,Shepherd-Themistocleous C.H.,Sirunyan A.M.,411
114923,Shoaib M.,Sirunyan A.M.,411
93141,Margoni M.,Sirunyan A.M.,411
29644,Braibant-Giacomelli S.,Sirunyan A.M.,411
114077,Schäfer C.,Sirunyan A.M.,411
91771,Maguire C.,Sirunyan A.M.,411
57143,Francois B.,Sirunyan A.M.,412
95638,Moeller A.,Sirunyan A.M.,412
18252,Apanasevich L.,Sirunyan A.M.,412
54307,Erice C.,Sirunyan A.M.,412
29475,Bourilkov D.,Sirunyan A.M.,412
87738,Lesko Z.,Sirunyan A.M.,412
84541,Laird E.,Sirunyan A.M.,412
30053,Brondolin E.,Sirunyan A.M.,412
101659,Padhi S.,Sirunyan A.M.,412
32090,Calligaris L.,Sirunyan A.M.,412
95966,Montalvo R.,Sirunyan A.M.,412
116400,Sirunyan A.M.,Undleeb S.,412
55521,Fasanella D.,Sirunyan A.M.,412
55443,Fanò L.,Sirunyan A.M.,412
115845,Sirunyan A.M.,Soares M.S.,412
115876,Sirunyan A.M.,Sonneveld J.,412
81129,Kortelainen M.J.,Sirunyan A.M.,412
116628,Sirunyan A.M.,Vorobiev I.,412
53010,Durgut S.,Sirunyan A.M.,412
113924,Schnaible C.,Sirunyan A.M.,412
23519,Ball A.H.,Sirunyan A.M.,412
115911,Sirunyan A.M.,Spiezia A.,412
101550,Ovcharova A.,Sirunyan A.M.,412
76509,Khristenko V.,Sirunyan A.M.,412
91242,Lykken J.,Sirunyan A.M.,412
25974,Beretvas A.,Sirunyan A.M.,412
25726,Beni N.,Sirunyan A.M.,412
55785,Felcini M.,Sirunyan A.M.,412
116321,Sirunyan A.M.,Tripathi M.,412
116747,Sirunyan A.M.,Wetzel J.,412
51770,Donegà M.,Sirunyan A.M.,412
52247,Dreyer T.,Sirunyan A.M.,412
115964,Sirunyan A.M.,Steinbrück G.,412
26796,Bhowmik S.,Sirunyan A.M.,412
57514,Fulcher J.,Sirunyan A.M.,412
61559,Hagopian S.,Sirunyan A.M.,412
43860,Choi Y.,Sirunyan A.M.,412
112519,Sakuma T.,Sirunyan A.M.,412
112193,Safronov G.,Sirunyan A.M.,412
110456,Ricci-Tam F.,Sirunyan A.M.,412
116054,Sirunyan A.M.,Sung K.,412
48869,Dasgupta A.,Sirunyan A.M.,412
110661,Roberts J.,Sirunyan A.M.,412
50197,Delannoy A.G.,Sirunyan A.M.,412
62094,Hangal D.A.,Sirunyan A.M.,412
116198,Sirunyan A.M.,Thea A.,412
63039,Haytmyradov M.,Sirunyan A.M.,412
116269,Sirunyan A.M.,Tonwar S.C.,412
74090,Karchin P.E.,Sirunyan A.M.,412
44933,Choudhury S.,Sirunyan A.M.,412
100823,Oliveros S.,Sirunyan A.M.,412
55908,Ferbel T.,Sirunyan A.M.,412
12745,Acosta J.G.,Sirunyan A.M.,412
57310,Frühwirth R.,Sirunyan A.M.,413
74423,Kasieczka G.,Sirunyan A.M.,413
45045,Chu J.,Sirunyan A.M.,413
114025,Schulz J.,Sirunyan A.M.,413
24646,Bartók M.,Sirunyan A.M.,413
114264,Selvaggi G.,Sirunyan A.M.,413
87434,Lenz T.,Sirunyan A.M.,413
30909,Bundock A.,Sirunyan A.M.,413
57580,Funk W.,Sirunyan A.M.,413
95620,Modak A.,Sirunyan A.M.,413
58400,Garg R.B.,Sirunyan A.M.,413
51906,Dorigo T.,Sirunyan A.M.,413
116129,Sirunyan A.M.,Tao Z.,413
116120,Sirunyan A.M.,Tan S.M.,413
116967,Sirunyan A.M.,Zaleski S.,413
109928,Rauco G.,Sirunyan A.M.,413
109115,Radburn-Smith B.C.,Sirunyan A.M.,413
109460,Ranieri A.,Sirunyan A.M.,413
74778,Kaya M.,Sirunyan A.M.,413
116326,Sirunyan A.M.,Trocsanyi Z.L.,413
13588,Ahuja S.,Sirunyan A.M.,413
113859,Schieck J.,Sirunyan A.M.,414
60315,Grebenyuk A.,Sirunyan A.M.,414
84310,Kwok K.H.M.,Sirunyan A.M.,414
82972,Krofcheck D.,Sirunyan A.M.,414
32470,Capiluppi P.,Sirunyan A.M.,414
116527,Sirunyan A.M.,Venditti R.,414
116500,Sirunyan A.M.,Vartak A.,414
116518,Sirunyan A.M.,Veckalns V.,414
102760,Park I.C.,Sirunyan A.M.,414
102840,Park S.K.,Sirunyan A.M.,414
101987,Palichik V.,Sirunyan A.M.,414
102567,Paoletti S.,Sirunyan A.M.,414
115223,Silvestris L.,Sirunyan A.M.,414
87368,Lelek A.,Sirunyan A.M.,414
24924,Bauerdick L.A.T.,Sirunyan A.M.,414
114072,Schwick C.,Sirunyan A.M.,414
114267,Selvaggi M.,Sirunyan A.M.,414
114085,Schöfbeck R.,Sirunyan A.M.,414
87855,Levchuk L.,Sirunyan A.M.,414
30508,Buccilli A.,Sirunyan A.M.,414
24627,Bartosik N.,Sirunyan A.M.,414
59553,Goldouzian R.,Sirunyan A.M.,414
117000,Sirunyan A.M.,Zhang F.,414
60599,Grünendahl S.,Sirunyan A.M.,414
106884,Pook T.,Sirunyan A.M.,414
101584,Ozdemir K.,Sirunyan A.M.,414
116655,Sirunyan A.M.,Walczak M.,414
100049,Nowack A.,Sirunyan A.M.,414
33324,Cavallo F.R.,Sirunyan A.M.,414
27484,Bodek A.,Sirunyan A.M.,414
32647,Caputo C.,Sirunyan A.M.,414
83019,Kropivnitskaya A.,Sirunyan A.M.,414
116753,Sirunyan A.M.,Whitbeck A.,414
76676,Khurana R.,Sirunyan A.M.,414
27047,Bilei G.M.,Sirunyan A.M.,414
51150,Dildick S.,Sirunyan A.M.,414
108427,Puljak I.,Sirunyan A.M.,414
61391,Górski M.,Sirunyan A.M.,414
46023,Chwalek T.,Sirunyan A.M.,414
42372,Chertok M.,Sirunyan A.M.,414
115985,Sirunyan A.M.,Stone R.,414
55933,Ferencek D.,Sirunyan A.M.,414
112590,Salfeld-Nebgen J.,Sirunyan A.M.,414
46804,Colaleo A.,Sirunyan A.M.,414
116238,Sirunyan A.M.,Tkaczyk S.,414
72264,Kadastik M.,Sirunyan A.M.,414
98886,Nguyen D.,Sirunyan A.M.,414
98265,Nayak A.,Sirunyan A.M.,414
116692,Sirunyan A.M.,Waqas M.,414
26202,Bernardes C.A.,Sirunyan A.M.,414
91732,Maggi M.,Sirunyan A.M.,414
65061,Hos I.,Sirunyan A.M.,414
111730,Rusack R.,Sirunyan A.M.,414
24543,Bartek R.,Sirunyan A.M.,414
13152,Agapitos A.,Sirunyan A.M.,414
10549,Abbiendi G.,Sirunyan A.M.,414
116997,Sirunyan A.M.,Zghiche A.,415
10456,Aarrestad T.K.,Sirunyan A.M.,415
56254,Ferro F.,Sirunyan A.M.,415
56322,Fienga F.,Sirunyan A.M.,415
56869,Fontaine J.C.,Sirunyan A.M.,415
116743,Sirunyan A.M.,Wertz S.,415
26039,Beri S.B.,Sirunyan A.M.,415
91728,Maggi G.,Sirunyan A.M.,415
100382,Nuzzo S.,Sirunyan A.M.,415
90170,Long K.,Sirunyan A.M.,415
92264,Maksimovic P.,Sirunyan A.M.,415
92512,Malvezzi S.,Sirunyan A.M.,415
90265,Lopez-Fernandez R.,Sirunyan A.M.,415
91114,Luo J.,Sirunyan A.M.,415
100024,Novaes S.F.,Sirunyan A.M.,415
27658,Boletti A.,Sirunyan A.M.,415
27728,Bonacorsi D.,Sirunyan A.M.,415
89554,Lipka K.,Sirunyan A.M.,415
89579,Lista L.,Sirunyan A.M.,415
100498,Odell N.,Sirunyan A.M.,415
116585,Sirunyan A.M.,Viliani L.,415
116604,Sirunyan A.M.,Vitulo P.,415
24896,Battilana C.,Sirunyan A.M.,415
97085,Musich M.,Sirunyan A.M.,415
97187,My S.,Sirunyan A.M.,415
93091,Marcellini S.,Sirunyan A.M.,415
116532,Sirunyan A.M.,Venturi A.,415
116539,Sirunyan A.M.,Verdini P.G.,415
116555,Sirunyan A.M.,Verwilligen P.,415
87472,Leontsinis S.,Sirunyan A.M.,415
87861,Levin A.,Sirunyan A.M.,415
101655,Padeken K.,Sirunyan A.M.,415
102001,Palla F.,Sirunyan A.M.,415
102012,Palmer C.,Sirunyan A.M.,415
102576,Paolucci P.,Sirunyan A.M.,415
84973,Lange W.,Sirunyan A.M.,415
103024,Pasztor G.,Sirunyan A.M.,415
84978,Langenegger U.,Sirunyan A.M.,415
116786,Sirunyan A.M.,Williams T.,415
93162,Mariani V.,Sirunyan A.M.,415
93529,Masetti G.,Sirunyan A.M.,415
31133,Buontempo S.,Sirunyan A.M.,415
31545,Butler J.N.,Sirunyan A.M.,415
31918,Cadamuro L.,Sirunyan A.M.,415
103769,Pedrini D.,Sirunyan A.M.,415
84763,Lampén T.,Sirunyan A.M.,415
104183,Perrotta A.,Sirunyan A.M.,415
84361,Kyriacou S.,Sirunyan A.M.,415
82837,Krintiras G.,Sirunyan A.M.,415
83171,Krücker D.,Sirunyan A.M.,415
32178,Campanini R.,Sirunyan A.M.,415
116428,Sirunyan A.M.,Vai I.,415
82497,Kovac M.,Sirunyan A.M.,415
33014,Cartiglia N.,Sirunyan A.M.,415
33162,Caspart R.,Sirunyan A.M.,415
78172,Klanner R.,Sirunyan A.M.,415
33237,Castro A.,Sirunyan A.M.,415
106570,Pompili A.,Sirunyan A.M.,415
24130,Barbagli G.,Sirunyan A.M.,415
116324,Sirunyan A.M.,Trocino D.,415
41545,Chen X.,Sirunyan A.M.,415
108394,Pugliese G.,Sirunyan A.M.,415
75856,Khan W.A.,Sirunyan A.M.,415
108029,Primavera F.,Sirunyan A.M.,415
116288,Sirunyan A.M.,Tosi M.,415
42568,Chhibra S.S.,Sirunyan A.M.,415
46126,Civinini C.,Sirunyan A.M.,415
109165,Ragazzi S.,Sirunyan A.M.,415
73976,Kaplan S.,Sirunyan A.M.,415
116200,Sirunyan A.M.,Theofilatos K.,415
94896,Meola S.,Sirunyan A.M.,415
94904,Mercadante P.G.,Sirunyan A.M.,415
22574,Azzi P.,Sirunyan A.M.,415
22905,Bagliesi G.,Sirunyan A.M.,415
96473,Moroni L.,Sirunyan A.M.,415
47383,Cooperstein S.,Sirunyan A.M.,415
47554,Costa M.,Sirunyan A.M.,415
116150,Sirunyan A.M.,Tavolaro V.R.,415
116175,Sirunyan A.M.,Tenchini R.,415
47763,Creanza D.,Sirunyan A.M.,415
47812,Cristella L.,Sirunyan A.M.,415
110002,Re V.,Sirunyan A.M.,415
48342,Dallavalle G.M.,Sirunyan A.M.,415
116069,Sirunyan A.M.,Swartz M.,415
110700,Robutti E.,Sirunyan A.M.,415
66768,Iaselli G.,Sirunyan A.M.,415
65169,Hou W.S.,Sirunyan A.M.,415
111740,Ruspa M.,Sirunyan A.M.,415
21350,Aushev T.,Sirunyan A.M.,415
116860,Sirunyan A.M.,Würthwein F.,415
94789,Melo A.,Sirunyan A.M.,415
94810,Menasce D.,Sirunyan A.M.,415
94872,Menichelli M.,Sirunyan A.M.,415
50290,Demaria N.,Sirunyan A.M.,415
116017,Sirunyan A.M.,Sturdy J.,415
112401,Saka H.,Sirunyan A.M.,415
112634,Salvini P.,Sirunyan A.M.,415
61410,Gülmez E.,Sirunyan A.M.,415
52106,Dragicevic M.,Sirunyan A.M.,415
60383,Gregores E.M.,Sirunyan A.M.,415
60474,Grippo M.T.,Sirunyan A.M.,415
60581,Grynyov B.,Sirunyan A.M.,415
95243,Mikulec I.,Sirunyan A.M.,415
18964,Arenton M.W.,Sirunyan A.M.,415
116920,Sirunyan A.M.,Yetkin E.A.,415
116928,Sirunyan A.M.,Yoo H.D.,415
94967,Meschini M.,Sirunyan A.M.,415
113667,Savoy-Navarro A.,Sirunyan A.M.,415
53224,Dünser M.,Sirunyan A.M.,415
115850,Sirunyan A.M.,Soffi L.,415
115855,Sirunyan A.M.,Sola V.,415
115894,Sirunyan A.M.,Spagnolo P.,415
113991,Schröder M.,Sirunyan A.M.,415
114090,Schönenberger M.,Sirunyan A.M.,415
53996,Elliott-Peisert A.,Sirunyan A.M.,415
59087,Giassi A.,Sirunyan A.M.,415
114108,Scott E.,Sirunyan A.M.,415
114209,Seidel M.,Sirunyan A.M.,415
115832,Sirunyan A.M.,Smith N.,415
58762,Gennai S.,Sirunyan A.M.,415
114490,Sexton-Kennedy E.,Sirunyan A.M.,415
114505,Sguazzoni G.,Sirunyan A.M.,415
54604,Etesami S.M.,Sirunyan A.M.,415
55621,Fay J.,Sirunyan A.M.,415
10568,Abbrescia M.,Sirunyan A.M.,415
114725,Shchelina K.,Sirunyan A.M.,415
117067,Sirunyan A.M.,Zucchetta A.,415
13226,Agram J.L.,Sirunyan A.M.,416
95225,Mignerey A.C.,Sirunyan A.M.,416
95452,Missiroli M.,Sirunyan A.M.,416
95496,Mitra S.,Sirunyan A.M.,416
95504,Mitselmakher G.,Sirunyan A.M.,416
95592,Mnich J.,Sirunyan A.M.,416
95700,Mohammadi A.,Sirunyan A.M.,416
95255,Milenovic P.,Sirunyan A.M.,416
95305,Milosevic J.,Sirunyan A.M.,416
95381,Mirabito L.,Sirunyan A.M.,416
95401,Mironov C.,Sirunyan A.M.,416
10484,Abbaneo D.,Sirunyan A.M.,416
11116,Abdullin S.,Sirunyan A.M.,416
11294,Abercrombie D.,Sirunyan A.M.,416
12741,Acosta D.,Sirunyan A.M.,416
15389,Alexander J.,Sirunyan A.M.,416
95222,Migliore E.,Sirunyan A.M.,416
94956,Mersi S.,Sirunyan A.M.,416
95810,Molnar J.,Sirunyan A.M.,416
95851,Mondal K.,Sirunyan A.M.,416
95958,Montagna P.,Sirunyan A.M.,416
95974,Monteil E.,Sirunyan A.M.,416
95983,Monteno M.,Sirunyan A.M.,416
96034,Moon C.S.,Sirunyan A.M.,416
96240,Moortgat F.,Sirunyan A.M.,416
94964,Meschi E.,Sirunyan A.M.,416
94994,Messineo A.,Sirunyan A.M.,416
95001,Mestvirishvili A.,Sirunyan A.M.,416
95082,Meyer A.,Sirunyan A.M.,416
95085,Meyer A.B.,Sirunyan A.M.,416
95092,Meyer M.,Sirunyan A.M.,416
13190,Aggleton R.,Sirunyan A.M.,416
96285,Moraes A.,Sirunyan A.M.,416
96351,Moran D.,Sirunyan A.M.,416
96515,Morse D.M.,Sirunyan A.M.,416
96591,Mousa J.,Sirunyan A.M.,416
96622,Mrenna S.,Sirunyan A.M.,416
16775,Amsler C.,Sirunyan A.M.,416
94639,Mei H.,Sirunyan A.M.,416
94642,Mei K.,Sirunyan A.M.,416
94654,Meijers F.,Sirunyan A.M.,416
94661,Meinhard M.T.,Sirunyan A.M.,416
94800,Melzer-Pellmann I.A.,Sirunyan A.M.,416
94851,Meng F.,Sirunyan A.M.,416
94921,Meridiani P.,Sirunyan A.M.,416
94924,Merkel P.,Sirunyan A.M.,416
94933,Merlin J.A.,Sirunyan A.M.,416
94937,Merlo J.P.,Sirunyan A.M.,416
93525,Maselli S.,Sirunyan A.M.,416
93551,Mason D.,Sirunyan A.M.,416
93581,Massironi A.,Sirunyan A.M.,416
93605,Mastrolorenzo L.,Sirunyan A.M.,416
93659,Matchev K.,Sirunyan A.M.,416
96771,Mueller R.,Sirunyan A.M.,416
16829,Anagnostou G.,Sirunyan A.M.,416
96850,Mulders M.,Sirunyan A.M.,416
96857,Mulhearn M.,Sirunyan A.M.,416
96907,Mundim L.,Sirunyan A.M.,416
97040,Murray M.,Sirunyan A.M.,416
97077,Murzin V.,Sirunyan A.M.,416
93709,Matorras F.,Sirunyan A.M.,416
93830,Matveev V.,Sirunyan A.M.,416
93947,Mazumdar K.,Sirunyan A.M.,416
96243,Moortgat S.,Sirunyan A.M.,416
93023,Manzoni R.A.,Sirunyan A.M.,416
93040,Mao Y.,Sirunyan A.M.,416
97089,Musienko Y.,Sirunyan A.M.,416
17139,Andrea J.,Sirunyan A.M.,416
97324,Nachtman J.,Sirunyan A.M.,416
97430,Nahn S.,Sirunyan A.M.,416
97447,Naimuddin M.,Sirunyan A.M.,416
93081,Maravin Y.,Sirunyan A.M.,416
93181,Marinelli N.,Sirunyan A.M.,416
93185,Marini A.C.,Sirunyan A.M.,416
93202,Mariotti C.,Sirunyan A.M.,416
93239,Marlow D.,Sirunyan A.M.,416
93298,Martelli A.,Sirunyan A.M.,416
93346,Martinez G.,Sirunyan A.M.,416
93493,Marzocchi B.,Sirunyan A.M.,416
93508,Masciovecchio M.,Sirunyan A.M.,416
98030,Nash K.,Sirunyan A.M.,416
98213,Navarria F.L.,Sirunyan A.M.,416
92138,Majumder D.,Sirunyan A.M.,416
92141,Majumder G.,Sirunyan A.M.,416
92271,Mal P.,Sirunyan A.M.,416
92318,Malakhov A.,Sirunyan A.M.,416
92364,Malberti M.,Sirunyan A.M.,416
92371,Malcles J.,Sirunyan A.M.,416
92430,Malhotra S.,Sirunyan A.M.,416
17147,Andreev V.,Sirunyan A.M.,416
92624,Mandal K.,Sirunyan A.M.,416
92813,Mankel R.,Sirunyan A.M.,416
92841,Mannelli M.,Sirunyan A.M.,416
92959,Mans J.,Sirunyan A.M.,416
92974,Manthos N.,Sirunyan A.M.,416
92988,Mantovani G.,Sirunyan A.M.,416
98465,Neumeister N.,Sirunyan A.M.,416
98475,Newbold D.M.,Sirunyan A.M.,416
98487,Newman H.B.,Sirunyan A.M.,416
98561,Ngadiuba J.,Sirunyan A.M.,416
98952,Nguyen M.,Sirunyan A.M.,416
99098,Ni H.,Sirunyan A.M.,416
99145,Nicolaou C.,Sirunyan A.M.,416
99171,Niedziela M.,Sirunyan A.M.,416
91697,Maeshima K.,Sirunyan A.M.,416
91751,Magnan A.M.,Sirunyan A.M.,416
17151,Andreev Y.,Sirunyan A.M.,416
92024,Maier B.,Sirunyan A.M.,416
92076,Maity M.,Sirunyan A.M.,416
97759,Nandan S.,Sirunyan A.M.,416
97928,Narain M.,Sirunyan A.M.,416
98027,Nash J.,Sirunyan A.M.,416
100456,Obertino M.M.,Sirunyan A.M.,416
100463,Obraztsov S.,Sirunyan A.M.,416
90176,Long O.R.,Sirunyan A.M.,416
90195,Longo E.,Sirunyan A.M.,416
90405,Loukas D.,Sirunyan A.M.,416
90408,Loukas N.,Sirunyan A.M.,416
90428,Loveless R.,Sirunyan A.M.,416
90443,Lowette S.,Sirunyan A.M.,416
90514,Lu R.S.,Sirunyan A.M.,416
90663,Lucchini M.T.,Sirunyan A.M.,416
91172,Lustermann W.,Sirunyan A.M.,416
91186,Luukka P.,Sirunyan A.M.,416
91237,Lychkovskaya N.,Sirunyan A.M.,416
91265,Lyons L.,Sirunyan A.M.,416
98443,Netrakanti P.K.,Sirunyan A.M.,416
98450,Neu C.,Sirunyan A.M.,416
100548,Ogul H.,Sirunyan A.M.,416
100588,Oh S.B.,Sirunyan A.M.,416
100592,Oh Y.D.,Sirunyan A.M.,416
100654,Ojalvo I.,Sirunyan A.M.,416
100732,Olaiya E.,Sirunyan A.M.,416
94953,Merschmeyer M.,Sirunyan A.M.,416
13319,Ahmad A.,Sirunyan A.M.,416
89754,Liu T.,Sirunyan A.M.,416
89906,Lo K.H.,Sirunyan A.M.,416
89922,Lobanov A.,Sirunyan A.M.,416
89928,Locci E.,Sirunyan A.M.,416
89993,Lohmann W.,Sirunyan A.M.,416
90094,Lokhtin I.,Sirunyan A.M.,416
99214,Nikitenko A.,Sirunyan A.M.,416
99678,Nogima H.,Sirunyan A.M.,416
99840,Noonan D.,Sirunyan A.M.,416
101215,Orfanelli S.,Sirunyan A.M.,416
101218,Organtini G.,Sirunyan A.M.,416
101228,Orimoto T.,Sirunyan A.M.,416
101306,Orsini L.,Sirunyan A.M.,416
101323,Ortona G.,Sirunyan A.M.,416
101363,Osherson M.,Sirunyan A.M.,416
88621,Ligabue F.,Sirunyan A.M.,416
88735,Liko D.,Sirunyan A.M.,416
88767,Lim J.,Sirunyan A.M.,416
89386,Lin W.,Sirunyan A.M.,416
89436,Lincoln D.,Sirunyan A.M.,416
89458,Lindén T.,Sirunyan A.M.,416
89549,Lipinski M.,Sirunyan A.M.,416
89563,Lipton R.,Sirunyan A.M.,416
89592,Litov L.,Sirunyan A.M.,416
100475,Ochando C.,Sirunyan A.M.,416
101641,Pacher L.,Sirunyan A.M.,416
101663,Padley B.P.,Sirunyan A.M.,416
101704,Paganis E.,Sirunyan A.M.,416
101707,Paganoni M.,Sirunyan A.M.,416
87120,Lehti S.,Sirunyan A.M.,416
87354,Lelas D.,Sirunyan A.M.,416
87377,Lemaitre V.,Sirunyan A.M.,416
87439,Lenzi P.,Sirunyan A.M.,416
87449,Leonardo N.,Sirunyan A.M.,416
87792,Lethuillier M.,Sirunyan A.M.,416
87795,Letts J.,Sirunyan A.M.,416
13983,Akchurin N.,Sirunyan A.M.,416
117022,Sirunyan A.M.,Zhokin A.,416
100945,Onel Y.,Sirunyan A.M.,416
100949,Onengut G.,Sirunyan A.M.,416
101208,Oreshkin V.,Sirunyan A.M.,416
117033,Sirunyan A.M.,Zhu R.Y.,416
102071,Panagiotou A.,Sirunyan A.M.,416
102155,Pandey S.,Sirunyan A.M.,416
102199,Pandolfi F.,Sirunyan A.M.,416
102442,Pant L.M.,Sirunyan A.M.,416
102448,Pantaleo F.,Sirunyan A.M.,416
102593,Papadopoulos I.,Sirunyan A.M.,416
102621,Pape L.,Sirunyan A.M.,416
117059,Sirunyan A.M.,Zolkapli Z.,416
86344,Lee J.S.H.,Sirunyan A.M.,416
117060,Sirunyan A.M.,Zorbakir I.S.,416
86365,Lee K.S.,Sirunyan A.M.,416
117061,Sirunyan A.M.,Zorbilmez C.,416
117063,Sirunyan A.M.,Zou D.,416
86516,Lee Y.J.,Sirunyan A.M.,416
87089,Leggat D.,Sirunyan A.M.,416
84958,Lange C.,Sirunyan A.M.,416
84962,Lange D.,Sirunyan A.M.,416
102666,Paramatti R.,Sirunyan A.M.,416
102669,Paramesvaran S.,Sirunyan A.M.,416
102678,Parashar N.,Sirunyan A.M.,416
102855,Parker A.,Sirunyan A.M.,416
102945,Pashenkov A.,Sirunyan A.M.,416
102999,Pastika N.,Sirunyan A.M.,416
103004,Pastrone N.,Sirunyan A.M.,416
103028,Pata J.,Sirunyan A.M.,416
85019,Lannon K.,Sirunyan A.M.,416
85439,Lassila-Perini K.,Sirunyan A.M.,416
85452,Lath A.,Sirunyan A.M.,416
85591,Lawhorn J.M.,Sirunyan A.M.,416
86158,Lecoq P.,Sirunyan A.M.,416
86162,Ledovskoy A.,Sirunyan A.M.,416
103583,Paulini M.,Sirunyan A.M.,416
103594,Paus C.,Sirunyan A.M.,416
103598,Pauss F.,Sirunyan A.M.,416
103659,Pavlov B.,Sirunyan A.M.,416
103764,Pedraza I.,Sirunyan A.M.,416
103773,Pedro K.,Sirunyan A.M.,416
103850,Pekkanen J.,Sirunyan A.M.,416
103869,Pellett D.,Sirunyan A.M.,416
103875,Pelliccioni M.,Sirunyan A.M.,416
84624,Laktineh I.B.,Sirunyan A.M.,416
84725,Lamichhane K.,Sirunyan A.M.,416
84741,Lammel S.,Sirunyan A.M.,416
84804,Lanaro A.,Sirunyan A.M.,416
84810,Lander R.,Sirunyan A.M.,416
84829,Landsberg G.,Sirunyan A.M.,416
84942,Lanev A.,Sirunyan A.M.,416
104065,Perez E.,Sirunyan A.M.,416
104119,Perloff A.,Sirunyan A.M.,416
104177,Perrin G.,Sirunyan A.M.,416
83282,Kubota Y.,Sirunyan A.M.,416
83289,Kucher I.,Sirunyan A.M.,416
14020,Akgun B.,Sirunyan A.M.,416
83660,Kumar S.,Sirunyan A.M.,416
83681,Kumar V.,Sirunyan A.M.,416
83711,Kumari P.,Sirunyan A.M.,416
83990,Kunori S.,Sirunyan A.M.,416
84064,Kuo C.M.,Sirunyan A.M.,416
84263,Kuznetsova E.,Sirunyan A.M.,416
84341,Kyberd P.,Sirunyan A.M.,416
84365,Kyriakis A.,Sirunyan A.M.,416
103108,Patel R.,Sirunyan A.M.,416
103529,Patterson J.R.,Sirunyan A.M.,416
104303,Petrilli A.,Sirunyan A.M.,416
104318,Petrov V.,Sirunyan A.M.,416
104330,Petrucciani G.,Sirunyan A.M.,416
104477,Petyt D.,Sirunyan A.M.,416
104506,Pfeiffer A.,Sirunyan A.M.,416
105548,Piccolo D.,Sirunyan A.M.,416
105654,Pieri M.,Sirunyan A.M.,416
82755,Krasnikov N.,Sirunyan A.M.,416
82782,Kravchenko I.,Sirunyan A.M.,416
82792,Kreczko L.,Sirunyan A.M.,416
82804,Kress T.,Sirunyan A.M.,416
82980,Krolikowski J.,Sirunyan A.M.,416
83148,Krutelyov V.,Sirunyan A.M.,416
103885,Peltola T.,Sirunyan A.M.,416
104018,Penzo A.,Sirunyan A.M.,416
104041,Perelygin V.,Sirunyan A.M.,416
80470,Komm M.,Sirunyan A.M.,416
80555,Konecki M.,Sirunyan A.M.,416
80892,Konigsberg J.,Sirunyan A.M.,416
105657,Pierini M.,Sirunyan A.M.,416
105698,Pigazzini S.,Sirunyan A.M.,416
105824,Pinna D.,Sirunyan A.M.,416
105932,Piperov S.,Sirunyan A.M.,416
106121,Pistone C.,Sirunyan A.M.,416
106244,Pitzl D.,Sirunyan A.M.,416
80916,Konstantinov D.,Sirunyan A.M.,416
81137,Korytov A.,Sirunyan A.M.,416
81310,Kotlinski D.,Sirunyan A.M.,416
82506,Kovalskyi D.,Sirunyan A.M.,416
104204,Peruzzi M.,Sirunyan A.M.,416
104208,Pesaresi M.,Sirunyan A.M.,416
104281,Petkov P.,Sirunyan A.M.,416
107244,Potenza R.,Sirunyan A.M.,416
107395,Pozdnyakov A.,Sirunyan A.M.,416
77291,Kim V.,Sirunyan A.M.,416
77354,Kiminsu U.,Sirunyan A.M.,416
77489,Kinnunen R.,Sirunyan A.M.,416
77502,Kirakosyan M.,Sirunyan A.M.,416
77571,Kirsanov M.,Sirunyan A.M.,416
77576,Kirschenmann H.,Sirunyan A.M.,416
78212,Klein K.,Sirunyan A.M.,416
78228,Kleinwort C.,Sirunyan A.M.,416
78247,Klima B.,Sirunyan A.M.,416
79996,Klute M.,Sirunyan A.M.,416
80268,Kogler R.,Sirunyan A.M.,416
80363,Kokkas P.,Sirunyan A.M.,416
80388,Kolberg T.,Sirunyan A.M.,416
80435,Komaragiri J.R.,Sirunyan A.M.,416
14908,Albergo S.,Sirunyan A.M.,416
75784,Khan A.,Sirunyan A.M.,416
76545,Khukhunaishvili A.,Sirunyan A.M.,416
76708,Kiani B.,Sirunyan A.M.,416
76928,Kieseler J.,Sirunyan A.M.,416
15182,Albert A.,Sirunyan A.M.,416
77071,Kim D.H.,Sirunyan A.M.,416
77086,Kim G.N.,Sirunyan A.M.,416
15268,Albrow M.,Sirunyan A.M.,416
15356,Aleksandrov A.,Sirunyan A.M.,416
77203,Kim J.H.,Sirunyan A.M.,416
77254,Kim M.S.,Sirunyan A.M.,416
77285,Kim T.J.,Sirunyan A.M.,416
106987,Pooth O.,Sirunyan A.M.,416
107071,Popov A.,Sirunyan A.M.,416
95176,Micheli F.,Sirunyan A.M.,416
108617,Purohit A.,Sirunyan A.M.,416
108862,Qian S.J.,Sirunyan A.M.,416
108978,Qu H.,Sirunyan A.M.,416
109001,Quast G.,Sirunyan A.M.,416
109072,Rabady D.,Sirunyan A.M.,416
74206,Karneyeu A.,Sirunyan A.M.,416
74317,Kasemann M.,Sirunyan A.M.,416
13016,Adzic P.,Sirunyan A.M.,416
74781,Kaya O.,Sirunyan A.M.,416
74818,Kazana M.,Sirunyan A.M.,416
75072,Kellogg R.G.,Sirunyan A.M.,416
75387,Keshri S.,Sirunyan A.M.,416
75610,Khakzad M.,Sirunyan A.M.,416
108216,Prosper H.,Sirunyan A.M.,416
108276,Psallidas A.,Sirunyan A.M.,416
108279,Ptochos F.,Sirunyan A.M.,416
72834,Kalinowski A.,Sirunyan A.M.,416
72902,Kalogeropoulos A.,Sirunyan A.M.,416
72933,Kalsi A.K.,Sirunyan A.M.,416
109079,Rabbertz K.,Sirunyan A.M.,416
109106,Racz A.,Sirunyan A.M.,416
109185,Rahatlou S.,Sirunyan A.M.,416
109222,Raics P.,Sirunyan A.M.,416
109225,Raidal M.,Sirunyan A.M.,416
109420,Rander J.,Sirunyan A.M.,416
73143,Kamon T.,Sirunyan A.M.,416
73988,Kapoor A.,Sirunyan A.M.,416
74009,Kara O.,Sirunyan A.M.,416
74022,Karacheban O.,Sirunyan A.M.,416
74046,Karancsi J.,Sirunyan A.M.,416
74054,Karapinar G.,Sirunyan A.M.,416
74057,Karapostoli G.,Sirunyan A.M.,416
71564,Josa M.I.,Sirunyan A.M.,416
71587,Joshi U.,Sirunyan A.M.,416
71886,Jung A.W.,Sirunyan A.M.,416
71904,Jung H.,Sirunyan A.M.,416
109425,Rane A.,Sirunyan A.M.,416
109464,Ranjan K.,Sirunyan A.M.,416
109482,Rankin D.,Sirunyan A.M.,416
109506,Rappoccio S.,Sirunyan A.M.,416
109530,Raspereza A.,Sirunyan A.M.,416
109727,Rathjens D.,Sirunyan A.M.,416
109911,Ratti S.P.,Sirunyan A.M.,416
109951,Ravera F.,Sirunyan A.M.,416
72069,Juodagalvis A.,Sirunyan A.M.,416
72196,Kaadze K.,Sirunyan A.M.,416
72251,Kachanov V.,Sirunyan A.M.,416
72314,Kaestli H.C.,Sirunyan A.M.,416
110099,Regnard S.,Sirunyan A.M.,416
110142,Reid I.D.,Sirunyan A.M.,416
110172,Reis T.,Sirunyan A.M.,416
110186,Reithler H.,Sirunyan A.M.,416
69012,Janot P.,Sirunyan A.M.,416
69110,Janssen X.,Sirunyan A.M.,416
69497,Jarry P.,Sirunyan A.M.,416
69759,Jayatilaka B.,Sirunyan A.M.,416
69874,Jeitler M.,Sirunyan A.M.,416
69927,Jensen F.,Sirunyan A.M.,416
70098,Jessop C.,Sirunyan A.M.,416
70536,Jindariani S.,Sirunyan A.M.,416
71092,Johns W.,Sirunyan A.M.,416
71127,Johnson K.F.,Sirunyan A.M.,416
71131,Johnson M.,Sirunyan A.M.,416
71340,Jones M.,Sirunyan A.M.,416
67193,Ingram Q.,Sirunyan A.M.,416
67267,Innocente V.,Sirunyan A.M.,416
110448,Riccardi C.,Sirunyan A.M.,416
110463,Richards A.,Sirunyan A.M.,416
110473,Richman J.,Sirunyan A.M.,416
110499,Rieger M.,Sirunyan A.M.,416
110559,Rinkevicius A.,Sirunyan A.M.,416
67560,Iorio A.O.M.,Sirunyan A.M.,416
68195,Ivanov A.,Sirunyan A.M.,416
68356,Jabeen S.,Sirunyan A.M.,416
68461,Jafari A.,Sirunyan A.M.,416
12838,Adams T.,Sirunyan A.M.,416
68728,James T.,Sirunyan A.M.,416
109992,Razis P.A.,Sirunyan A.M.,416
110037,Rebassoo F.,Sirunyan A.M.,416
110077,Redondo I.,Sirunyan A.M.,416
110646,Rizzi A.,Sirunyan A.M.,416
110687,Robmann P.,Sirunyan A.M.,416
110746,Rodozov M.,Sirunyan A.M.,416
110767,Rodrigo T.,Sirunyan A.M.,416
110876,Roh Y.,Sirunyan A.M.,416
110879,Rohe T.,Sirunyan A.M.,416
110887,Rohlf J.,Sirunyan A.M.,416
66412,Husemann U.,Sirunyan A.M.,416
12834,Adams M.R.,Sirunyan A.M.,416
66773,Iashvili I.,Sirunyan A.M.,416
66776,Iaydjiev P.,Sirunyan A.M.,416
66844,Ignatenko M.,Sirunyan A.M.,416
66870,Iiyama Y.,Sirunyan A.M.,416
66915,Iles G.,Sirunyan A.M.,416
66935,Ille B.,Sirunyan A.M.,416
67112,Incandela J.,Sirunyan A.M.,416
64973,Hoorani H.R.,Sirunyan A.M.,416
65010,Horisberger R.,Sirunyan A.M.,416
65044,Hortiangtham A.,Sirunyan A.M.,416
110991,Roland C.,Sirunyan A.M.,416
110994,Roland G.,Sirunyan A.M.,416
110997,Rolandi G.,Sirunyan A.M.,416
111022,Romeo F.,Sirunyan A.M.,416
111030,Romero L.,Sirunyan A.M.,416
111046,Ronchese P.,Sirunyan A.M.,416
111149,Rose A.,Sirunyan A.M.,416
111174,Roskes J.,Sirunyan A.M.,416
65053,Horvath D.,Sirunyan A.M.,416
65496,Hu Z.,Sirunyan A.M.,416
65654,Huang T.,Sirunyan A.M.,416
66179,Hughes E.,Sirunyan A.M.,416
110584,Ristori L.,Sirunyan A.M.,416
64211,Hirosky R.,Sirunyan A.M.,416
111185,Rosowsky A.,Sirunyan A.M.,416
111276,Rovelli C.,Sirunyan A.M.,416
111279,Rovelli T.,Sirunyan A.M.,416
111282,Rovere M.,Sirunyan A.M.,416
111287,Roy A.,Sirunyan A.M.,416
111313,Roy T.,Sirunyan A.M.,416
111434,Ruchti R.,Sirunyan A.M.,416
64219,Hirschauer J.,Sirunyan A.M.,416
64276,Hits D.,Sirunyan A.M.,416
64517,Hoepfner K.,Sirunyan A.M.,416
64537,Hofman D.J.,Sirunyan A.M.,416
64544,Hogan J.M.,Sirunyan A.M.,416
64563,Hohlmann M.,Sirunyan A.M.,416
64592,Hollar J.,Sirunyan A.M.,416
64723,Hong B.,Sirunyan A.M.,416
111519,Ruiz-Jimeno A.,Sirunyan A.M.,416
111595,Rumerio P.,Sirunyan A.M.,416
111796,Ryd A.,Sirunyan A.M.,416
111799,Rykaczewski H.,Sirunyan A.M.,416
111810,Ryutin R.,Sirunyan A.M.,416
63266,Heintz U.,Sirunyan A.M.,416
63299,Heller R.,Sirunyan A.M.,416
63444,Henderson C.,Sirunyan A.M.,416
63614,Hensel C.,Sirunyan A.M.,416
63682,Hernandez J.M.,Sirunyan A.M.,416
63710,Herndon M.,Sirunyan A.M.,416
63754,Hervé A.,Sirunyan A.M.,416
63925,Hildreth M.,Sirunyan A.M.,416
63931,Hill C.,Sirunyan A.M.,416
64007,Hindrichs O.,Sirunyan A.M.,416
64034,Hinzmann A.,Sirunyan A.M.,416
112201,Sagir S.,Sirunyan A.M.,416
112502,Sakulin H.,Sirunyan A.M.,416
62400,Harder K.,Sirunyan A.M.,416
62582,Harper S.,Sirunyan A.M.,416
62610,Harris P.,Sirunyan A.M.,416
62614,Harris R.M.,Sirunyan A.M.,416
62627,Hart A.,Sirunyan A.M.,416
62666,Hartmann F.,Sirunyan A.M.,416
62853,Hatakeyama K.,Sirunyan A.M.,416
62930,Hauser J.,Sirunyan A.M.,416
63154,Heath G.P.,Sirunyan A.M.,416
63157,Heath H.F.,Sirunyan A.M.,416
63169,Hebbeker T.,Sirunyan A.M.,416
63217,Hegde V.,Sirunyan A.M.,416
63221,Hegeman J.,Sirunyan A.M.,416
63252,Heindl M.,Sirunyan A.M.,416
61497,Hadley N.J.,Sirunyan A.M.,416
112582,Salerno R.,Sirunyan A.M.,416
112617,Saltzberg D.,Sirunyan A.M.,416
112621,Salur S.,Sirunyan A.M.,416
112833,Sanchez-Hernandez A.,Sirunyan A.M.,416
112859,Sanders S.,Sirunyan A.M.,416
61561,Hagopian V.,Sirunyan A.M.,416
61568,Hahn K.A.,Sirunyan A.M.,416
61597,Hajdu C.,Sirunyan A.M.,416
61616,Hakala J.,Sirunyan A.M.,416
61665,Halkiadakis E.,Sirunyan A.M.,416
61680,Hall G.,Sirunyan A.M.,416
61689,Haller J.,Sirunyan A.M.,416
62236,Hansen P.,Sirunyan A.M.,416
62242,Hanson G.,Sirunyan A.M.,416
112190,Safonov A.,Sirunyan A.M.,416
61202,Gurrola A.,Sirunyan A.M.,416
113171,Santanastasio F.,Sirunyan A.M.,416
113233,Santocchia A.,Sirunyan A.M.,416
113239,Santoro A.,Sirunyan A.M.,416
113282,Saoulidou N.,Sirunyan A.M.,416
113382,Sarica U.,Sirunyan A.M.,416
113436,Sarkar S.,Sirunyan A.M.,416
113440,Sarkar T.,Sirunyan A.M.,416
113626,Sauvan J.B.,Sirunyan A.M.,416
113654,Savin A.,Sirunyan A.M.,416
61221,Gutay L.,Sirunyan A.M.,416
61225,Guthoff M.,Sirunyan A.M.,416
61251,Gutsche O.,Sirunyan A.M.,416
61435,Ha S.,Sirunyan A.M.,416
61478,Haddad Y.,Sirunyan A.M.,416
61489,Hadjiiska R.,Sirunyan A.M.,416
113911,Schmitt M.H.,Sirunyan A.M.,416
60016,Gouskos L.,Sirunyan A.M.,416
60021,Gouzevitch M.,Sirunyan A.M.,416
60064,Govoni P.,Sirunyan A.M.,416
60099,Grab C.,Sirunyan A.M.,416
60173,Gras P.,Sirunyan A.M.,416
60303,Gray L.,Sirunyan A.M.,416
60322,Green D.,Sirunyan A.M.,416
60355,Greene S.,Sirunyan A.M.,416
60494,Gritsan A.V.,Sirunyan A.M.,416
60504,Grohsjean A.,Sirunyan A.M.,416
60560,Grunewald M.,Sirunyan A.M.,416
60683,Guchait M.,Sirunyan A.M.,416
60766,Guiducci L.,Sirunyan A.M.,416
60820,Guler Y.,Sirunyan A.M.,416
60926,Gunnellini P.,Sirunyan A.M.,416
59442,Godinovic N.,Sirunyan A.M.,416
59467,Goerlach U.,Sirunyan A.M.,416
113948,Schnetzer S.,Sirunyan A.M.,416
114018,Schulte J.F.,Sirunyan A.M.,416
114046,Schwandt J.,Sirunyan A.M.,416
59499,Goh J.,Sirunyan A.M.,416
59561,Goldstein J.,Sirunyan A.M.,416
59578,Golf F.,Sirunyan A.M.,416
59597,Golubev N.,Sirunyan A.M.,416
59604,Golutvin I.,Sirunyan A.M.,416
59607,Gomber B.,Sirunyan A.M.,416
59633,Gomez G.,Sirunyan A.M.,416
59671,Goncharov M.,Sirunyan A.M.,416
113671,Savrin V.,Sirunyan A.M.,416
113887,Schleper P.,Sirunyan A.M.,416
113899,Schmidt A.,Sirunyan A.M.,416
12775,Adam W.,Sirunyan A.M.,416
59048,Giammanco A.,Sirunyan A.M.,416
59138,Giffels M.,Sirunyan A.M.,416
114096,Sciacca C.,Sirunyan A.M.,416
114103,Scodellaro L.,Sirunyan A.M.,416
114116,Sculac T.,Sirunyan A.M.,416
114196,Seez C.,Sirunyan A.M.,416
114235,Seixas J.,Sirunyan A.M.,416
114247,Sekmen S.,Sirunyan A.M.,416
59142,Gigi D.,Sirunyan A.M.,416
59158,Gilbert A.,Sirunyan A.M.,416
59193,Gill K.,Sirunyan A.M.,416
59221,Gilmore J.,Sirunyan A.M.,416
59359,Glege F.,Sirunyan A.M.,416
59415,Gninenko S.,Sirunyan A.M.,416
59423,Go Y.,Sirunyan A.M.,416
114625,Sharan M.,Sirunyan A.M.,416
114659,Sharma R.,Sirunyan A.M.,416
58441,Garutti E.,Sirunyan A.M.,416
58445,Gary J.W.,Sirunyan A.M.,416
58453,Gascon S.,Sirunyan A.M.,416
58484,Gastler D.,Sirunyan A.M.,416
58587,Gavrilov V.,Sirunyan A.M.,416
58710,Geiser A.,Sirunyan A.M.,416
58801,Geralis T.,Sirunyan A.M.,416
58809,Gerber C.E.,Sirunyan A.M.,416
58878,Gershtein Y.,Sirunyan A.M.,416
58900,Geurts F.J.M.,Sirunyan A.M.,416
58971,Ghezzi A.,Sirunyan A.M.,416
57010,Foudas C.,Sirunyan A.M.,416
57029,Fouz M.C.,Sirunyan A.M.,416
57086,Francis B.,Sirunyan A.M.,416
114742,Sheldon P.,Sirunyan A.M.,416
114919,Shmatov S.,Sirunyan A.M.,416
57182,Franzoni G.,Sirunyan A.M.,416
57210,Freeman J.,Sirunyan A.M.,416
57735,Galanti M.,Sirunyan A.M.,416
57787,Gallinaro M.,Sirunyan A.M.,416
57794,Gallo E.,Sirunyan A.M.,416
57799,Galloni C.,Sirunyan A.M.,416
57877,Gandrajula R.P.,Sirunyan A.M.,416
57977,Ganjour S.,Sirunyan A.M.,416
58153,Garcia-Bellido A.,Sirunyan A.M.,416
114533,Shah M.A.,Sirunyan A.M.,416
115069,Si W.,Sirunyan A.M.,416
115072,Siado J.E.,Sirunyan A.M.,416
115168,Sikler F.,Sirunyan A.M.,416
115212,Silva P.,Sirunyan A.M.,416
56314,Field R.D.,Sirunyan A.M.,416
56375,Finco L.,Sirunyan A.M.,416
56431,Fiorendi S.,Sirunyan A.M.,416
56532,Flacher H.,Sirunyan A.M.,416
56595,Flix J.,Sirunyan A.M.,416
56606,Florent A.,Sirunyan A.M.,416
56628,Florez C.,Sirunyan A.M.,416
56653,Flügge G.,Sirunyan A.M.,416
56656,Focardi E.,Sirunyan A.M.,416
56786,Folgueras S.,Sirunyan A.M.,416
56932,Ford W.T.,Sirunyan A.M.,416
55608,Favart L.,Sirunyan A.M.,416
55665,Fedi G.,Sirunyan A.M.,416
115264,Simonis H.J.,Sirunyan A.M.,416
115333,Singh J.B.,Sirunyan A.M.,416
115787,Sirois Y.,Sirunyan A.M.,416
115791,Siroli G.P.,Sirunyan A.M.,416
115803,Sirunyan A.M.,Skinnari L.,416
115805,Sirunyan A.M.,Skovpen K.,416
115806,Sirunyan A.M.,Skovpen Y.,416
115808,Sirunyan A.M.,Skuja A.,416
55787,Feld L.,Sirunyan A.M.,416
55950,Ferguson T.,Sirunyan A.M.,416
55990,Fernandez M.,Sirunyan A.M.,416
56249,Ferri F.,Sirunyan A.M.,416
115026,Shukla P.,Sirunyan A.M.,416
115065,Shvetsov I.,Sirunyan A.M.,416
115841,Sirunyan A.M.,Snow G.R.,416
115842,Sirunyan A.M.,Snyder C.,416
115847,Sirunyan A.M.,Sobol A.,416
54675,Eusebi R.,Sirunyan A.M.,416
54683,Evangelou I.,Sirunyan A.M.,416
54686,Evans A.,Sirunyan A.M.,416
54698,Evdokimov O.,Sirunyan A.M.,416
54724,Everaerts P.,Sirunyan A.M.,416
55135,Fabozzi F.,Sirunyan A.M.,416
55146,Faccioli P.,Sirunyan A.M.,416
55268,Fallavollita F.,Sirunyan A.M.,416
55344,Fanfani A.,Sirunyan A.M.,416
55399,Fang W.,Sirunyan A.M.,416
55415,Fangmeier C.,Sirunyan A.M.,416
55573,Faure J.L.,Sirunyan A.M.,416
115867,Sirunyan A.M.,Somalwar S.,416
115900,Sirunyan A.M.,Spanier S.,416
115905,Sirunyan A.M.,Sperka D.,416
115908,Sirunyan A.M.,Sphicas P.,416
53362,Eckerlin G.,Sirunyan A.M.,416
53366,Ecklund K.M.,Sirunyan A.M.,416
53423,Eerola P.,Sirunyan A.M.,416
54028,Elmer P.,Sirunyan A.M.,416
54074,Elvira V.D.,Sirunyan A.M.,416
54243,Eno S.C.,Sirunyan A.M.,416
54272,Epshteyn V.,Sirunyan A.M.,416
54285,Erbacher R.,Sirunyan A.M.,416
54291,Erdmann M.,Sirunyan A.M.,416
54294,Erdmann W.,Sirunyan A.M.,416
115834,Sirunyan A.M.,Smith V.J.,416
115835,Sirunyan A.M.,Smith W.H.,416
115909,Sirunyan A.M.,Spiegel L.,416
115917,Sirunyan A.M.,Spiridonov A.,416
115918,Sirunyan A.M.,Spiropulu M.,416
115923,Sirunyan A.M.,Srimanobhas N.,416
115926,Sirunyan A.M.,Stadie H.,416
115928,Sirunyan A.M.,Stahl A.,416
115932,Sirunyan A.M.,Staiano A.,416
115950,Sirunyan A.M.,Starodumov A.,416
52982,Dupont N.,Sirunyan A.M.,416
53014,Duric S.,Sirunyan A.M.,416
53019,Durkin L.S.,Sirunyan A.M.,416
53101,Dutta D.,Sirunyan A.M.,416
53112,Dutta V.,Sirunyan A.M.,416
115852,Sirunyan A.M.,Soha A.,416
115856,Sirunyan A.M.,Solano A.,416
115972,Sirunyan A.M.,Stephans G.S.F.,416
115975,Sirunyan A.M.,Stickland D.,416
115991,Sirunyan A.M.,Stoynev S.,416
115993,Sirunyan A.M.,Strait J.,416
51588,Dobson M.,Sirunyan A.M.,416
51593,Dobur D.,Sirunyan A.M.,416
51668,Dolen J.,Sirunyan A.M.,416
51703,Dominguez A.,Sirunyan A.M.,416
51754,Donato S.,Sirunyan A.M.,416
51891,Dordevic M.,Sirunyan A.M.,416
51930,Doroba K.,Sirunyan A.M.,416
52082,Dozen C.,Sirunyan A.M.,416
52212,Dremin I.,Sirunyan A.M.,416
52476,Duarte J.,Sirunyan A.M.,416
52506,Dube S.,Sirunyan A.M.,416
52795,Dugad S.,Sirunyan A.M.,416
116038,Sirunyan A.M.,Sulimov V.,416
116041,Sirunyan A.M.,Sultanov G.,416
116045,Sirunyan A.M.,Summers S.,416
50613,Dev N.,Sirunyan A.M.,416
50724,Dewanjee R.K.,Sirunyan A.M.,416
51075,Diemoz M.,Sirunyan A.M.,416
51100,Dierlamm A.,Sirunyan A.M.,416
51174,Dilsiz K.,Sirunyan A.M.,416
51185,Dimitrov A.,Sirunyan A.M.,416
51197,Dinardo M.E.,Sirunyan A.M.,416
51400,Dissertori G.,Sirunyan A.M.,416
51434,Dittmann J.,Sirunyan A.M.,416
51437,Dittmar M.,Sirunyan A.M.,416
51441,Dittmer S.,Sirunyan A.M.,416
115958,Sirunyan A.M.,Steggemann J.,416
115969,Sirunyan A.M.,Stenson K.,416
116079,Sirunyan A.M.,Szillasi Z.,416
116080,Sirunyan A.M.,Szleper M.,416
116081,Sirunyan A.M.,Sznajder A.,416
50008,Dejardin M.,Sirunyan A.M.,416
50189,Delaere C.,Sirunyan A.M.,416
50205,Delcourt M.,Sirunyan A.M.,416
50214,Delgado A.,Sirunyan A.M.,416
50303,Demina R.,Sirunyan A.M.,416
50307,Demiragli Z.,Sirunyan A.M.,416
50312,Demiroglu Z.S.,Sirunyan A.M.,416
50338,Denegri D.,Sirunyan A.M.,416
50461,Depasse P.,Sirunyan A.M.,416
50481,Dermenev A.,Sirunyan A.M.,416
116003,Sirunyan A.M.,Strobbe N.,416
116012,Sirunyan A.M.,Stuart D.,416
116027,Sirunyan A.M.,Suarez I.,416
48323,Dalchenko M.,Sirunyan A.M.,416
48382,Damarseckin S.,Sirunyan A.M.,416
116097,Sirunyan A.M.,Tadel M.,416
116128,Sirunyan A.M.,Tao J.,416
116134,Sirunyan A.M.,Tapper A.,416
116144,Sirunyan A.M.,Tatar K.,416
48394,Damgov J.,Sirunyan A.M.,416
48880,Daskalakis G.,Sirunyan A.M.,416
48891,Dasu S.,Sirunyan A.M.,416
48935,Dauncey P.,Sirunyan A.M.,416
49074,David A.,Sirunyan A.M.,416
49105,Davies G.,Sirunyan A.M.,416
49152,Davignon O.,Sirunyan A.M.,416
116055,Sirunyan A.M.,Sur N.,416
116058,Sirunyan A.M.,Susa T.,416
116068,Sirunyan A.M.,Swain S.K.,416
116178,Sirunyan A.M.,Teodorescu L.,416
116184,Sirunyan A.M.,Terkulov A.,416
47621,Coubez X.,Sirunyan A.M.,416
47626,Couderc F.,Sirunyan A.M.,416
47647,Cousins R.,Sirunyan A.M.,416
47666,Covarelli R.,Sirunyan A.M.,416
47689,Cox B.,Sirunyan A.M.,416
47697,Cox P.T.,Sirunyan A.M.,416
47774,Cremonesi M.,Sirunyan A.M.,416
47964,Cuevas J.,Sirunyan A.M.,416
47970,Cuffiani M.,Sirunyan A.M.,416
48006,Cumalat J.P.,Sirunyan A.M.,416
48065,Cussans D.,Sirunyan A.M.,416
48074,Cutts D.,Sirunyan A.M.,416
48101,Czellar S.,Sirunyan A.M.,416
48166,Dabrowski A.,Sirunyan A.M.,416
46969,Colling D.,Sirunyan A.M.,416
116192,Sirunyan A.M.,Teyssier D.,416
116194,Sirunyan A.M.,Thakur S.,416
116207,Sirunyan A.M.,Thom J.,416
116209,Sirunyan A.M.,Thomas L.,416
116210,Sirunyan A.M.,Thomas S.,416
116229,Sirunyan A.M.,Tiras E.,416
47221,Connor P.,Sirunyan A.M.,416
47247,Contardo D.,Sirunyan A.M.,416
47268,Conway J.,Sirunyan A.M.,416
47377,Cooper S.I.,Sirunyan A.M.,416
47441,Cornelis T.,Sirunyan A.M.,416
47544,Cossutti F.,Sirunyan A.M.,416
116149,Sirunyan A.M.,Tavernier S.,416
116155,Sirunyan A.M.,Taylor D.,416
116158,Sirunyan A.M.,Taylor L.,416
46121,Ciulli V.,Sirunyan A.M.,416
46132,Claes D.R.,Sirunyan A.M.,416
46202,Clare R.,Sirunyan A.M.,416
116234,Sirunyan A.M.,Titov M.,416
116239,Sirunyan A.M.,Tlisov D.,416
116252,Sirunyan A.M.,Toldaiev O.,416
116254,Sirunyan A.M.,Tomalin I.R.,416
116259,Sirunyan A.M.,Toms M.,416
116261,Sirunyan A.M.,Tonelli G.,416
116267,Sirunyan A.M.,Tonjes M.B.,416
46277,Clement E.,Sirunyan A.M.,416
46289,Clerbaux B.,Sirunyan A.M.,416
46737,Cockerill D.J.A.,Sirunyan A.M.,416
46946,Colino N.,Sirunyan A.M.,416
46956,Collard C.,Sirunyan A.M.,416
116290,Sirunyan A.M.,Tosi S.,416
116301,Sirunyan A.M.,Tran N.V.,416
42437,Cheung H.W.K.,Sirunyan A.M.,416
43028,Chinellato J.,Sirunyan A.M.,416
43566,Chlebana F.,Sirunyan A.M.,416
43621,Cho S.,Sirunyan A.M.,416
43841,Choi S.,Sirunyan A.M.,416
44867,Chou J.P.,Sirunyan A.M.,416
44881,Choudhary B.C.,Sirunyan A.M.,416
45295,Chudasama R.,Sirunyan A.M.,416
46042,Ciangottini D.,Sirunyan A.M.,416
46084,Ciocci M.A.,Sirunyan A.M.,416
46089,Cipriani M.,Sirunyan A.M.,416
46094,Ciriolo V.,Sirunyan A.M.,416
46116,Cittolin S.,Sirunyan A.M.,416
40789,Chawla R.,Sirunyan A.M.,416
116309,Sirunyan A.M.,Treille D.,416
116314,Sirunyan A.M.,Trevisani N.,416
116317,Sirunyan A.M.,Tricomi A.,416
116332,Sirunyan A.M.,Troshin S.,416
116352,Sirunyan A.M.,Tsirou A.,416
41214,Chen G.M.,Sirunyan A.M.,416
41241,Chen H.S.,Sirunyan A.M.,416
41277,Chen K.F.,Sirunyan A.M.,416
41326,Chen M.,Sirunyan A.M.,416
41354,Chen P.H.,Sirunyan A.M.,416
41668,Chenarani S.,Sirunyan A.M.,416
42248,Cheng T.,Sirunyan A.M.,416
116279,Sirunyan A.M.,Toropin A.,416
33517,Chabert E.C.,Sirunyan A.M.,416
116369,Sirunyan A.M.,Tully C.,416
116370,Sirunyan A.M.,Tumasyan A.,416
116372,Sirunyan A.M.,Tuo S.,416
116374,Sirunyan A.M.,Tuominiemi J.,416
116379,Sirunyan A.M.,Turkcapar S.,416
116386,Sirunyan A.M.,Tuuva T.,416
116387,Sirunyan A.M.,Tuve C.,416
116388,Sirunyan A.M.,Tytgat M.,416
116389,Sirunyan A.M.,Tyurin N.,416
36114,Chanon N.,Sirunyan A.M.,416
36836,Chao Y.,Sirunyan A.M.,416
36938,Chapon E.,Sirunyan A.M.,416
37607,Charlot C.,Sirunyan A.M.,416
40229,Chatterjee R.M.,Sirunyan A.M.,416
116398,Sirunyan A.M.,Ulrich R.,416
116407,Sirunyan A.M.,Uplegger L.,416
116415,Sirunyan A.M.,Usai E.,416
116420,Sirunyan A.M.,Uzunian A.,416
116421,Sirunyan A.M.,Vaandering E.W.,416
33093,Carvalho W.,Sirunyan A.M.,416
33127,Casarsa M.,Sirunyan A.M.,416
33186,Castaldi R.,Sirunyan A.M.,416
33214,Castilla-Valdez H.,Sirunyan A.M.,416
33312,Cavallari F.,Sirunyan A.M.,416
33328,Cavallo N.,Sirunyan A.M.,416
33334,Cavanaugh R.,Sirunyan A.M.,416
33420,Cepeda M.,Sirunyan A.M.,416
33426,Cerati G.B.,Sirunyan A.M.,416
33448,Cerminara G.,Sirunyan A.M.,416
33464,Cerrada M.,Sirunyan A.M.,416
31803,Bylsma B.,Sirunyan A.M.,416
31902,Cabrera A.,Sirunyan A.M.,416
31913,Cabrillo I.J.,Sirunyan A.M.,416
31996,Caillol C.,Sirunyan A.M.,416
32005,Cakir A.,Sirunyan A.M.,416
32027,Calderon A.,Sirunyan A.M.,416
116443,Sirunyan A.M.,Valuev V.,416
32047,Cali I.A.,Sirunyan A.M.,416
32150,Caminada L.,Sirunyan A.M.,416
32166,Campagnari C.,Sirunyan A.M.,416
32186,Campbell A.,Sirunyan A.M.,416
32227,Camporesi T.,Sirunyan A.M.,416
32279,Canelli M.F.,Sirunyan A.M.,416
116392,Sirunyan A.M.,Uchida K.,416
116397,Sirunyan A.M.,Ulmer K.A.,416
116489,Sirunyan A.M.,Varelas N.,416
116519,Sirunyan A.M.,Veelken C.,416
116520,Sirunyan A.M.,Velasco M.,416
116523,Sirunyan A.M.,Velkovska J.,416
30260,Bruno G.,Sirunyan A.M.,416
30517,Buchanan J.,Sirunyan A.M.,416
30529,Buchmuller O.,Sirunyan A.M.,416
30942,Bunkowski K.,Sirunyan A.M.,416
31386,Burkett K.,Sirunyan A.M.,416
31428,Burt K.,Sirunyan A.M.,416
31482,Busson P.,Sirunyan A.M.,416
31500,Busza W.,Sirunyan A.M.,416
31552,Butler P.H.,Sirunyan A.M.,416
31752,Butz E.,Sirunyan A.M.,416
31799,Bylinkin A.,Sirunyan A.M.,416
116557,Sirunyan A.M.,Verzetti M.,416
116560,Sirunyan A.M.,Veszpremi V.,416
29382,Boudoul G.,Sirunyan A.M.,416
29417,Bouhali O.,Sirunyan A.M.,416
29687,Brandt S.,Sirunyan A.M.,416
29696,Branson J.G.,Sirunyan A.M.,416
29854,Brew C.,Sirunyan A.M.,416
29893,Brigljevic V.,Sirunyan A.M.,416
29949,Brinkerhoff A.,Sirunyan A.M.,416
29987,Brivio F.,Sirunyan A.M.,416
30043,Brom J.M.,Sirunyan A.M.,416
30060,Brooke J.J.,Sirunyan A.M.,416
30179,Brown R.M.,Sirunyan A.M.,416
116482,Sirunyan A.M.,Vanlaer P.,416
116485,Sirunyan A.M.,Vannerom D.,416
116488,Sirunyan A.M.,Varela J.,416
27455,Boccali T.,Sirunyan A.M.,416
27623,Boimska B.,Sirunyan A.M.,416
116580,Sirunyan A.M.,Vila I.,416
116594,Sirunyan A.M.,Virdee T.,416
116596,Sirunyan A.M.,Viret S.,416
116598,Sirunyan A.M.,Vischia P.,416
116609,Sirunyan A.M.,Vlasov E.,416
116610,Sirunyan A.M.,Vlimant J.R.,416
29059,Boos E.,Sirunyan A.M.,416
29172,Bornheim A.,Sirunyan A.M.,416
29196,Borras K.,Sirunyan A.M.,416
29224,Bortignon P.,Sirunyan A.M.,416
29305,Bose T.,Sirunyan A.M.,416
29340,Botta C.,Sirunyan A.M.,416
116542,Sirunyan A.M.,Veres G.I.,416
27016,Biino C.,Sirunyan A.M.,416
27056,Bilin B.,Sirunyan A.M.,416
27331,Blekman F.,Sirunyan A.M.,416
27343,Blinov V.,Sirunyan A.M.,416
116617,Sirunyan A.M.,Volkov A.,416
116621,Sirunyan A.M.,Volobouev I.,416
116625,Sirunyan A.M.,Vormwald B.,416
116629,Sirunyan A.M.,Vorobyev A.,416
116633,Sirunyan A.M.,Voutilainen M.,416
116648,Sirunyan A.M.,Wagner S.R.,416
116663,Sirunyan A.M.,Wallny R.,416
27362,Bloch D.,Sirunyan A.M.,416
27369,Bloch P.,Sirunyan A.M.,416
27386,Bloom K.,Sirunyan A.M.,416
27405,Bluj M.,Sirunyan A.M.,416
27417,Blumenfeld B.,Sirunyan A.M.,416
116665,Sirunyan A.M.,Waltenberger W.,416
116674,Sirunyan A.M.,Wang D.,416
26539,Bhardwaj A.,Sirunyan A.M.,416
26563,Bhat P.C.,Sirunyan A.M.,416
26585,Bhatnagar V.,Sirunyan A.M.,416
26603,Bhattacharya R.,Sirunyan A.M.,416
26873,Bi R.,Sirunyan A.M.,416
26885,Bialkowska H.,Sirunyan A.M.,416
26899,Bianchini L.,Sirunyan A.M.,416
26907,Bianco S.,Sirunyan A.M.,416
25672,Bencze G.,Sirunyan A.M.,416
25677,Bendavid J.,Sirunyan A.M.,416
25709,Benelli G.,Sirunyan A.M.,416
25921,Benussi L.,Sirunyan A.M.,416
116695,Sirunyan A.M.,Wardle N.,416
116710,Sirunyan A.M.,Wayne M.,416
116715,Sirunyan A.M.,Weber H.A.,416
25994,Bergauer T.,Sirunyan A.M.,416
26230,Bernet C.,Sirunyan A.M.,416
26255,Berry D.,Sirunyan A.M.,416
26265,Berryhill J.,Sirunyan A.M.,416
26293,Besancon M.,Sirunyan A.M.,416
116664,Sirunyan A.M.,Walsh R.,416
116745,Sirunyan A.M.,West C.,416
116794,Sirunyan A.M.,Wimpenny S.,416
116795,Sirunyan A.M.,Winer B.L.,416
24902,Baty A.,Sirunyan A.M.,416
25074,Bayshev I.,Sirunyan A.M.,416
25103,Bean A.,Sirunyan A.M.,416
25117,Beauceron S.,Sirunyan A.M.,416
25122,Beaudette F.,Sirunyan A.M.,416
25260,Behera P.K.,Sirunyan A.M.,416
25267,Behnke O.,Sirunyan A.M.,416
25316,Bein S.,Sirunyan A.M.,416
25396,Belforte S.,Sirunyan A.M.,416
25440,Bellan R.,Sirunyan A.M.,416
25518,Belloni A.,Sirunyan A.M.,416
25651,Benato L.,Sirunyan A.M.,416
23407,Bakhshiansohi H.,Sirunyan A.M.,416
116804,Sirunyan A.M.,Wissing C.,416
116807,Sirunyan A.M.,Wittich P.,416
116814,Sirunyan A.M.,Wolf M.,416
116815,Sirunyan A.M.,Wolf R.,416
116817,Sirunyan A.M.,Wolfe E.,416
116825,Sirunyan A.M.,Wood D.,416
23628,Ban Y.,Sirunyan A.M.,416
23903,Bansal S.,Sirunyan A.M.,416
24276,Barberis E.,Sirunyan A.M.,416
24340,Bargassa P.,Sirunyan A.M.,416
24425,Barnes V.E.,Sirunyan A.M.,416
24434,Barney D.,Sirunyan A.M.,416
24448,Baron O.,Sirunyan A.M.,416
116856,Sirunyan A.M.,Wyslouch B.,416
116870,Sirunyan A.M.,Xie S.,416
116871,Sirunyan A.M.,Xie W.,416
116882,Sirunyan A.M.,Yagil A.,416
116884,Sirunyan A.M.,Yalvac M.,416
21469,Avery P.,Sirunyan A.M.,416
21629,Avila C.,Sirunyan A.M.,416
22467,Azarkin M.,Sirunyan A.M.,416
22484,Azhgirey I.,Sirunyan A.M.,416
22529,Aziz T.,Sirunyan A.M.,416
22604,Baarmand M.M.,Sirunyan A.M.,416
22730,Bachtis M.,Sirunyan A.M.,416
22817,Baden A.,Sirunyan A.M.,416
23182,Bahinipati S.,Sirunyan A.M.,416
23220,Baillon P.,Sirunyan A.M.,416
23225,Bainbridge R.,Sirunyan A.M.,416
19207,Arneodo M.,Sirunyan A.M.,416
116900,Sirunyan A.M.,Yang U.K.,416
116902,Sirunyan A.M.,Yang Y.C.,416
116909,Sirunyan A.M.,Yates B.R.,416
116912,Sirunyan A.M.,Yazgan E.,416
116926,Sirunyan A.M.,Yohay R.,416
116929,Sirunyan A.M.,Yoo J.,416
116938,Sirunyan A.M.,Yu G.B.,416
19851,Asavapibhop B.,Sirunyan A.M.,416
20004,Asawatangtrakuldee C.,Sirunyan A.M.,416
20255,Askew A.,Sirunyan A.M.,416
20994,Attikis A.,Sirunyan A.M.,416
21084,Auffray E.,Sirunyan A.M.,416
116835,Sirunyan A.M.,Wright D.,416
116847,Sirunyan A.M.,Wu Z.,416
116850,Sirunyan A.M.,Wulz C.E.,416
17176,Andrews M.B.,Sirunyan A.M.,416
116939,Sirunyan A.M.,Yu I.,416
116943,Sirunyan A.M.,Yu S.S.,416
116949,Sirunyan A.M.,Yumiceva F.,416
116950,Sirunyan A.M.,Yusli M.N.,416
116954,Sirunyan A.M.,Zabi A.,416
116968,Sirunyan A.M.,Zalewski P.,416
116978,Sirunyan A.M.,Zarubin A.,416
17232,Androsov K.,Sirunyan A.M.,416
17944,Antunovic Z.,Sirunyan A.M.,416
18397,Apollinari G.,Sirunyan A.M.,416
18478,Apresyan A.,Sirunyan A.M.,416
18486,Apyan A.,Sirunyan A.M.,416
18799,Arcaro D.,Sirunyan A.M.,416
18823,Arcidiacono R.,Sirunyan A.M.,416
18975,Argiro S.,Sirunyan A.M.,416
15730,Alimena J.,Sirunyan A.M.,416
15925,Almond J.,Sirunyan A.M.,416
116993,Sirunyan A.M.,Zeuner W.D.,416
117013,Sirunyan A.M.,Zhao J.,416
16164,Alves G.A.,Sirunyan A.M.,416
16186,Alyari M.,Sirunyan A.M.,416
16239,Amapane N.,Sirunyan A.M.,416
16440,Amin N.,Sirunyan A.M.,416
94628,Mehta A.,Sirunyan A.M.,417
117003,Sirunyan A.M.,Zhang J.,417
32267,Candelise V.,Sirunyan A.M.,417
46106,Citron M.,Sirunyan A.M.,417
100864,Olsen J.,Sirunyan A.M.,417
89692,Liu M.,Sirunyan A.M.,417
27460,Bocci A.,Sirunyan A.M.,417
117002,Sirunyan A.M.,Zhang H.,417
107077,Popov V.,Sirunyan A.M.,417
116675,Sirunyan A.M.,Wang F.,417
88295,Li Q.,Sirunyan A.M.,418
66466,Hussain U.,Sirunyan A.M.,419
53109,Dutta S.,Sirunyan A.M.,420
116716,Sirunyan A.M.,Weber M.,423
77132,Kim J.,Sirunyan A.M.,427
16162,Alves F.L.,Sirunyan A.M.,430
74614,Kaur A.,Sirunyan A.M.,458
96831,Mukherjee S.,Sirunyan A.M.,460
86281,Lee H.,Sirunyan A.M.,461
116676,Sirunyan A.M.,Wang H.,462
75624,Khalil S.,Sirunyan A.M.,498
91754,Magnani A.,Sirunyan A.M.,511
35915,Chang P.,Sirunyan A.M.,579
31414,Burns D.,Sirunyan A.M.,599
116683,Sirunyan A.M.,Wang S.,628
116680,Sirunyan A.M.,Wang Q.,647
86437,Lee S.,Sirunyan A.M.,652
54781,Fabbri F.,Sirunyan A.M.,652
41585,Chen Y.,Sirunyan A.M.,658
114667,Sharma S.,Sirunyan A.M.,666
88349,Li W.,Sirunyan A.M.,687
116689,Sirunyan A.M.,Wang Y.,689
13376,Ahmad M.,Sirunyan A.M.,720
86355,Lee K.,Sirunyan A.M.,754
97254,Müller T.,Sirunyan A.M.,758
86456,Lee S.W.,Sirunyan A.M.,763
25572,Belyaev A.,Sirunyan A.M.,763
114695,Sharma V.,Sirunyan A.M.,763
40485,Chauhan S.,Sirunyan A.M.,763
59013,Ghosh S.,Sirunyan A.M.,764
23733,Banerjee S.,Sirunyan A.M.,764
77092,Kim H.,Sirunyan A.M.,767
56392,Finger M.,Sirunyan A.M.,785
46905,Cole J.E.,Sirunyan A.M.,792
92447,Malik S.,Sirunyan A.M.,797
68627,Jain S.,Sirunyan A.M.,800
116677,Sirunyan A.M.,Wang J.,809
77033,Kilminster B.,Sirunyan A.M.,824
59034,Giacomelli P.,Sirunyan A.M.,828
24356,Baringer P.,Sirunyan A.M.,830
114634,Sharma A.,Sirunyan A.M.,875
83592,Kumar A.,Sirunyan A.M.,913
86305,Lee J.,Sirunyan A.M.,1025
116690,Sirunyan A.M.,Wang Z.,1034
26611,Bhattacharya S.,Sirunyan A.M.,1102
