date,Accounting,Acoustics and Ultrasonics,Advanced and Specialized Nursing,Aerospace Engineering,Aging,Agricultural and Biological Sciences (all),Agricultural and Biological Sciences (miscellaneous),Agronomy and Crop Science,Algebra and Number Theory,Analysis,Analytical Chemistry,Anatomy,Anesthesiology and Pain Medicine,Animal Science and Zoology,Anthropology,Applied Mathematics,Applied Microbiology and Biotechnology,Applied Psychology,Aquatic Science,Archeology,Archeology (arts and humanities),Architecture,Artificial Intelligence,Arts and Humanities (all),Arts and Humanities (miscellaneous),Assessment and Diagnosis,Astronomy and Astrophysics,Atmospheric Science,Atomic and Molecular Physics,Automotive Engineering,Behavior and Systematics,Behavioral Neuroscience,Biochemistry,Biochemistry (medical),Bioengineering,Biological Psychiatry,Biomaterials,Biomedical Engineering,Biophysics,Biotechnology,Building and Construction,Business,Business and International Management,Cancer Research,Cardiology and Cardiovascular Medicine,Care Planning,Catalysis,Cell Biology,Cellular and Molecular Neuroscience,Ceramics and Composites,Chemical Engineering (all),Chemical Engineering (miscellaneous),Chemical Health and Safety,Chemistry (all),Chemistry (miscellaneous),Chiropractics,Civil and Structural Engineering,Clinical Biochemistry,Clinical Psychology,Coatings and Films,Cognitive Neuroscience,Colloid and Surface Chemistry,Communication,Community and Home Care,Complementary and Alternative Medicine,Complementary and Manual Therapy,Computational Mathematics,Computational Mechanics,Computational Theory and Mathematics,Computer Graphics and Computer-Aided Design,Computer Networks and Communications,Computer Science (all),Computer Science (miscellaneous),Computer Science Applications,Computer Vision and Pattern Recognition,Computers in Earth Sciences,Condensed Matter Physics,Conservation,Control and Optimization,Control and Systems Engineering,Critical Care Nursing,Critical Care and Intensive Care Medicine,Cultural Studies,Decision Sciences (all),Decision Sciences (miscellaneous),Demography,Dental Assisting,Dental Hygiene,Dentistry (all),Dentistry (miscellaneous),Dermatology,Development,Developmental Biology,Developmental Neuroscience,Developmental and Educational Psychology,Diabetes and Metabolism,Discrete Mathematics and Combinatorics,Drug Discovery,Earth and Planetary Sciences (all),Earth and Planetary Sciences (miscellaneous),Earth-Surface Processes,Ecological Modeling,Ecology,Econometrics and Finance (all),Econometrics and Finance (miscellaneous),Economic Geology,Economics,Economics and Econometrics,Education,Electrical and Electronic Engineering,Electrochemistry,Electronic,Emergency Medicine,Emergency Nursing,Endocrine and Autonomic Systems,Endocrinology,Energy (all),Energy (miscellaneous),Energy Engineering and Power Technology,Engineering (all),Engineering (miscellaneous),Environmental Chemistry,Environmental Engineering,Environmental Science (all),Environmental Science (miscellaneous),Environmental and Occupational Health,Epidemiology,Equine,Ethics and Legal Aspects,Evolution,Experimental and Cognitive Psychology,Family Practice,Filtration and Separation,Finance,Fluid Flow and Transfer Processes,Food Animals,Food Science,Forestry,Fuel Technology,Fundamentals and Skills,Gastroenterology,Gender Studies,Genetics,Genetics (clinical),Genetics and Molecular Biology (all),Genetics and Molecular Biology (miscellaneous),Geochemistry and Petrology,Geography,Geology,Geometry and Topology,Geophysics,Geotechnical Engineering and Engineering Geology,Geriatrics and Gerontology,Gerontology,Global and Planetary Change,Hardware and Architecture,Health,Health (social science),Health Informatics,Health Information Management,Health Policy,Health Professions (all),Health Professions (miscellaneous),Hematology,Hepatology,Histology,History,History and Philosophy of Science,Horticulture,Human Factors and Ergonomics,Human-Computer Interaction,Immunology,Immunology and Allergy,Immunology and Microbiology (all),Immunology and Microbiology (miscellaneous),Industrial Relations,Industrial and Manufacturing Engineering,Infectious Diseases,Information Systems,Information Systems and Management,Inorganic Chemistry,Insect Science,Instrumentation,Internal Medicine,Issues,Language and Linguistics,Law,Leadership and Management,Leisure and Hospitality Management,Library and Information Sciences,Life-span and Life-course Studies,Linguistics and Language,Literature and Literary Theory,Logic,Management,Management Information Systems,Management Science and Operations Research,Management and Accounting (all),Management and Accounting (miscellaneous),Management of Technology and Innovation,Marketing,Materials Chemistry,Materials Science (all),Materials Science (miscellaneous),Maternity and Midwifery,Mathematical Physics,Mathematics (all),Mathematics (miscellaneous),Mechanical Engineering,Mechanics of Materials,Media Technology,Medical Laboratory Technology,Medical and Surgical Nursing,Medicine (all),Medicine (miscellaneous),Metals and Alloys,Microbiology,Microbiology (medical),Modeling and Simulation,Molecular Biology,Molecular Medicine,Monitoring,Multidisciplinary,Museology,Music,Nature and Landscape Conservation,Nephrology,Neurology,Neurology (clinical),Neuropsychology and Physiological Psychology,Neuroscience (all),Neuroscience (miscellaneous),Nuclear Energy and Engineering,Nuclear Medicine and Imaging,Nuclear and High Energy Physics,Numerical Analysis,Nursing (all),Nursing (miscellaneous),Nutrition and Dietetics,Obstetrics and Gynecology,Occupational Therapy,Ocean Engineering,Oceanography,Oncology,Oncology (nursing),Ophthalmology,Optical and Magnetic Materials,Optometry,Oral Surgery,Organic Chemistry,Organizational Behavior and Human Resource Management,Orthodontics,Orthopedics and Sports Medicine,Otorhinolaryngology,Paleontology,Parasitology,Pathology and Forensic Medicine,Pediatrics,Perinatology and Child Health,Periodontics,Pharmaceutical Science,Pharmacology,Pharmacology (medical),Pharmacy,Philosophy,Physical Therapy,Physical and Theoretical Chemistry,Physics and Astronomy (all),Physics and Astronomy (miscellaneous),Physiology,Physiology (medical),Planning and Development,Plant Science,Podiatry,Policy and Law,Political Science and International Relations,Pollution,Polymers and Plastics,Probability and Uncertainty,Process Chemistry and Technology,Psychiatric Mental Health,Psychiatry and Mental Health,Psychology (all),Psychology (miscellaneous),Public Administration,Public Health,Pulmonary and Respiratory Medicine,Radiation,Radiological and Ultrasound Technology,Radiology,Rehabilitation,Reliability and Quality,Religious Studies,Renewable Energy,Reproductive Medicine,Research and Theory,Rheumatology,Risk,Safety,Safety Research,Sensory Systems,Signal Processing,Small Animals,Social Psychology,Social Sciences (all),Social Sciences (miscellaneous),Sociology and Political Science,Software,Soil Science,Space and Planetary Science,Spectroscopy,Speech and Hearing,Sports Therapy and Rehabilitation,Statistical and Nonlinear Physics,Statistics,Statistics and Probability,Strategy and Management,Stratigraphy,Structural Biology,Surfaces,Surfaces and Interfaces,Surgery,Sustainability and the Environment,Theoretical Computer Science,Tourism,Toxicology,Toxicology and Mutagenesis,Toxicology and Pharmaceutics (all),Toxicology and Pharmaceutics (miscellaneous),Transplantation,Transportation,Urban Studies,Urology,Veterinary (all),Veterinary (miscellaneous),Virology,Visual Arts and Performing Arts,Waste Management and Disposal,Water Science and Technology,and Optics
2018-01-01,4.0,,8.0,29.0,,94.0,20.0,7.0,3.0,1.0,747.0,7.0,10.0,152.0,18.0,59.0,53.0,88.0,48.0,,9.0,0.0,28.0,5.0,,8.0,137.0,,28.0,1.0,183.0,54.0,353.0,26.0,44.0,206.0,53.0,87.0,57.0,187.0,77.0,5.0,47.0,32.0,18.0,,176.0,35.0,19.0,136.0,255.0,0.0,,383.0,434.0,,54.0,35.0,,119.0,50.0,,5.0,1.0,430.0,,38.0,,,18.0,76.0,150.0,23.0,50.0,34.0,,322.0,,34.0,55.0,,46.0,19.0,,,0.0,,,346.0,15.0,69.0,12.0,,,2.0,177.0,1.0,1020.0,52.0,,,,210.0,38.0,,,38.0,18.0,404.0,227.0,73.0,142.0,45.0,,,300.0,25.0,33.0,226.0,298.0,10.0,132.0,143.0,79.0,,123.0,2.0,,8.0,183.0,,,,6.0,,12.0,40.0,,174.0,,167.0,,58.0,,163.0,32.0,31.0,17.0,11.0,,3.0,39.0,14.0,,,49.0,131.0,1.0,19.0,,87.0,,,6.0,91.0,2.0,12.0,0.0,3.0,,8.0,165.0,100.0,35.0,,,60.0,243.0,8.0,,75.0,,36.0,17.0,8.0,4.0,0.0,2.0,58.0,,,4.0,2.0,,5.0,0.0,5.0,5.0,,1.0,5.0,251.0,509.0,,15.0,,15.0,,183.0,216.0,0.0,1.0,,156.0,43.0,68.0,100.0,26.0,4.0,87.0,567.0,5.0,23.0,,4.0,,32.0,35.0,58.0,24.0,91.0,,13.0,76.0,376.0,19.0,18.0,4.0,57.0,15.0,,29.0,,61.0,,71.0,142.0,,60.0,946.0,83.0,12.0,71.0,174.0,20.0,104.0,29.0,55.0,55.0,42.0,1428.0,474.0,75.0,8.0,1.0,53.0,572.0,88.0,9.0,47.0,32.0,17.0,40.0,,5.0,5.0,110.0,117.0,,94.0,,144.0,25.0,,2.0,123.0,14.0,,,76.0,44.0,9.0,3.0,254.0,,,21.0,9.0,9.0,,30.0,24.0,,9.0,45.0,8.0,21.0,45.0,59.0,137.0,39.0,,53.0,,,3.0,424.0,2.0,29.0,119.0,33.0,240.0,254.0,12.0,58.0,32.0,131.0,0.0,33.0,,0.0,0.0,16.0,32.0,,32.0,2.0,120.0,,28.0
2018-02-01,,,,,,17.0,,29.0,,,274.0,,12.0,55.0,,,11.0,,36.0,,,,2.0,,,,8.0,,37.0,,,,127.0,,103.0,110.0,74.0,,,30.0,,4.0,19.0,192.0,12.0,,10.0,37.0,34.0,,221.0,94.0,,228.0,,,3.0,,59.0,55.0,,55.0,,,,,3.0,,10.0,,10.0,,,12.0,2.0,,92.0,,,0.0,,67.0,,,,,,,99.0,,200.0,,,,,,0.0,4.0,,,,,,1.0,,,1.0,24.0,57.0,21.0,,74.0,20.0,,,,,,,49.0,129.0,108.0,163.0,32.0,,,,,,,,,,,29.0,3.0,46.0,19.0,,,9.0,,53.0,,24.0,37.0,39.0,8.0,9.0,,2.0,,,,,10.0,44.0,,,,,,,23.0,,,,,,,2.0,4.0,,90.0,,,158.0,67.0,14.0,2.0,12.0,19.0,19.0,,,,,,,,,,,,2.0,,16.0,,4.0,,,214.0,78.0,,,,,,75.0,27.0,,,,14.0,68.0,6.0,88.0,22.0,3.0,,66.0,2.0,,,,,22.0,59.0,58.0,,59.0,,,4.0,155.0,,62.0,,,,,,7.0,200.0,,,74.0,,,198.0,16.0,,20.0,8.0,,3.0,,9.0,9.0,,,180.0,49.0,,,,32.0,279.0,129.0,,,8.0,,,2.0,,138.0,210.0,,94.0,,103.0,5.0,,,,25.0,,4.0,4.0,,12.0,,92.0,,,,12.0,12.0,,,4.0,,,,,16.0,10.0,,8.0,60.0,,,,,4.0,16.0,,3.0,55.0,24.0,75.0,92.0,,,60.0,44.0,16.0,,,3.0,,9.0,214.0,,32.0,,217.0,40.0,37.0
2018-03-01,,,,,,0.0,,6.0,0.0,,42.0,6.0,,69.0,0.0,0.0,62.0,,,,,,28.0,7.0,,,,,,,62.0,,108.0,26.0,60.0,29.0,93.0,8.0,12.0,30.0,65.0,1.0,,41.0,,,32.0,31.0,62.0,,78.0,,19.0,192.0,,,119.0,26.0,,204.0,,121.0,,,30.0,,,5.0,,26.0,15.0,,,75.0,3.0,,177.0,,5.0,1.0,,,,,,,,,23.0,,7.0,9.0,231.0,,,31.0,0.0,35.0,7.0,,,,74.0,1.0,,,1.0,11.0,,61.0,13.0,97.0,35.0,,,51.0,,13.0,78.0,26.0,21.0,63.0,146.0,90.0,,97.0,,31.0,,62.0,6.0,,11.0,,,31.0,189.0,,83.0,,173.0,,43.0,14.0,0.0,,,9.0,25.0,0.0,,100.0,21.0,,,5.0,21.0,5.0,0.0,,14.0,,,14.0,51.0,6.0,,,18.0,,3.0,221.0,14.0,28.0,,,309.0,158.0,,28.0,36.0,32.0,44.0,5.0,,6.0,,,,,,6.0,,,,28.0,,1.0,,,,90.0,61.0,,,,0.0,,67.0,30.0,1.0,,,248.0,4.0,19.0,156.0,74.0,5.0,86.0,126.0,,31.0,,,,34.0,80.0,82.0,,,,,139.0,472.0,0.0,37.0,5.0,,,,,,45.0,,33.0,97.0,,20.0,67.0,,6.0,35.0,78.0,,41.0,20.0,153.0,153.0,20.0,67.0,74.0,47.0,,,,76.0,78.0,21.0,27.0,,9.0,41.0,,,,169.0,135.0,,,,29.0,,,,97.0,35.0,,,139.0,,24.0,,280.0,,,,24.0,24.0,44.0,33.0,5.0,31.0,5.0,7.0,,0.0,31.0,1.0,,26.0,,,,,0.0,59.0,,,204.0,95.0,36.0,280.0,,,,21.0,,,3.0,,,,126.0,,22.0,,111.0,111.0,
2018-04-01,,,,,,13.0,,21.0,2.0,,117.0,1.0,,29.0,,17.0,15.0,,25.0,,,,2.0,,,,,,3.0,,18.0,94.0,198.0,15.0,5.0,10.0,,372.0,370.0,417.0,,4.0,,,43.0,,598.0,41.0,65.0,5.0,144.0,17.0,,41.0,,,,15.0,,114.0,,8.0,,,19.0,,,,,,13.0,,,15.0,1.0,,234.0,,,67.0,,80.0,,,,,,,49.0,,9.0,,44.0,31.0,,15.0,2.0,26.0,17.0,,,,127.0,,,,,6.0,45.0,171.0,367.0,104.0,,,,15.0,,,174.0,1.0,120.0,56.0,16.0,76.0,,55.0,,,,18.0,,,71.0,,,2.0,27.0,,752.0,,39.0,,28.0,,20.0,,,,108.0,2.0,,48.0,,,119.0,5.0,20.0,,,,20.0,,,5.0,0.0,1.0,1.0,,,68.0,1.0,99.0,148.0,,,,23.0,20.0,,,32.0,16.0,104.0,10.0,,6.0,1.0,,,,,6.0,,,18.0,,,,4.0,4.0,,119.0,51.0,574.0,,,19.0,,24.0,24.0,,1.0,,8.0,16.0,104.0,52.0,,,86.0,24.0,18.0,18.0,,,,8.0,175.0,139.0,,81.0,,,25.0,515.0,2.0,49.0,,14.0,,,,,14.0,,56.0,104.0,,18.0,155.0,,,,119.0,6.0,6.0,0.0,,,,75.0,9.0,35.0,11.0,,116.0,47.0,180.0,52.0,33.0,,,42.0,,18.0,1.0,20.0,13.0,,595.0,,54.0,13.0,,,55.0,43.0,13.0,,25.0,,84.0,,87.0,,,46.0,84.0,84.0,9.0,29.0,,,,,,,15.0,,,40.0,,116.0,,,,17.0,,,114.0,18.0,5.0,87.0,,,79.0,20.0,9.0,,7.0,,7.0,49.0,0.0,23.0,67.0,,32.0,,3.0
2018-05-01,,,,,,7.0,8.0,9.0,,,96.0,,,8.0,,,35.0,,10.0,,,,,,,,101.0,,28.0,,9.0,51.0,151.0,17.0,35.0,,,39.0,34.0,72.0,,,,124.0,,,2.0,,306.0,12.0,89.0,58.0,,241.0,,,16.0,33.0,,92.0,11.0,11.0,,,48.0,,,,,,18.0,35.0,,24.0,,,75.0,,,,,9.0,,,,,,,97.0,,,,,,43.0,,,48.0,25.0,,20.0,,9.0,,,,,,,83.0,17.0,71.0,,,51.0,82.0,,,23.0,38.0,31.0,143.0,143.0,28.0,,132.0,3.0,,,9.0,,,,,,,2.0,,21.0,8.0,117.0,,78.0,61.0,11.0,,19.0,,20.0,,,40.0,36.0,,,6.0,122.0,,,,5.0,,,,101.0,,,,,,,138.0,138.0,,,,,39.0,,18.0,,,447.0,,,,5.0,,,,,,,,47.0,,,,,27.0,32.0,232.0,82.0,47.0,,350.0,8.0,,130.0,118.0,,16.0,,25.0,64.0,185.0,4.0,24.0,,76.0,121.0,47.0,42.0,,,,27.0,336.0,30.0,,,,12.0,49.0,579.0,,,8.0,,,,40.0,40.0,152.0,,41.0,71.0,,,111.0,,,3.0,38.0,,,3.0,50.0,50.0,52.0,86.0,186.0,37.0,,,,42.0,378.0,31.0,31.0,5.0,,10.0,,47.0,,177.0,108.0,,60.0,,35.0,,,,132.0,,,,49.0,,9.0,,21.0,,,14.0,9.0,9.0,,,,,,32.0,,5.0,,,101.0,45.0,,,,,,,,,92.0,17.0,,21.0,,,38.0,122.0,,,,,,5.0,45.0,,18.0,,113.0,47.0,28.0
2018-06-01,,,,,,42.0,32.0,3.0,,,78.0,19.0,0.0,20.0,,,27.0,0.0,21.0,,,,10.0,1.0,,,,,38.0,,25.0,,463.0,,21.0,,37.0,31.0,64.0,15.0,102.0,6.0,,,59.0,,11.0,157.0,61.0,,64.0,1.0,,162.0,,3.0,132.0,,,85.0,,25.0,,,4.0,,2.0,80.0,2.0,2.0,13.0,,,20.0,2.0,,154.0,,20.0,0.0,,,0.0,,,2.0,,,15.0,,24.0,,,,,,,4.0,252.0,21.0,10.0,,40.0,1.0,,,1.0,,,133.0,,100.0,11.0,,,,24.0,9.0,9.0,59.0,129.0,102.0,94.0,18.0,,42.0,,,,25.0,13.0,,2.0,,,,55.0,,9.0,,13.0,,77.0,36.0,37.0,,21.0,5.0,38.0,,21.0,129.0,6.0,6.0,5.0,,,9.0,,,,,,117.0,1.0,,0.0,,1.0,,2.0,125.0,65.0,5.0,,,98.0,296.0,,16.0,,32.0,273.0,31.0,,13.0,,,,,,13.0,,,,,11.0,1.0,5.0,,,200.0,201.0,1.0,,237.0,,,72.0,80.0,5.0,,,4.0,,41.0,129.0,95.0,248.0,308.0,82.0,,30.0,,,,37.0,135.0,108.0,,31.0,,,47.0,725.0,,29.0,,,,,39.0,,,,5.0,100.0,,,147.0,6.0,15.0,23.0,,,57.0,67.0,22.0,22.0,,36.0,11.0,44.0,2.0,,,34.0,269.0,129.0,49.0,37.0,5.0,19.0,,,6.0,157.0,157.0,,11.0,,6.0,13.0,,,42.0,6.0,,,47.0,,5.0,,23.0,,,,5.0,5.0,38.0,,5.0,,2.0,1.0,5.0,1.0,10.0,,21.0,2.0,,,,,2.0,20.0,,202.0,85.0,,82.0,23.0,,,2.0,,,,6.0,,2.0,39.0,39.0,,8.0,,129.0,12.0,38.0
2018-07-01,,,,,,47.0,,39.0,,,165.0,25.0,,135.0,25.0,,64.0,,19.0,,,,25.0,,,,36.0,13.0,,4.0,49.0,16.0,595.0,,20.0,,16.0,,2.0,260.0,34.0,3.0,,140.0,5.0,,6.0,134.0,96.0,16.0,144.0,,,130.0,,,40.0,,22.0,52.0,,,,,32.0,,0.0,0.0,3.0,,9.0,45.0,,69.0,19.0,,64.0,,7.0,18.0,,12.0,,,3.0,,,,21.0,,,,22.0,,,6.0,,39.0,19.0,,,,84.0,3.0,,,3.0,18.0,7.0,64.0,,38.0,,,,12.0,83.0,,,102.0,68.0,84.0,102.0,34.0,,9.0,29.0,,,49.0,8.0,,,,44.0,,233.0,,,,47.0,,69.0,8.0,247.0,,,,,,,39.0,,,,1.0,47.0,59.0,15.0,,,,24.0,125.0,47.0,,0.0,,,,5.0,209.0,126.0,16.0,,,48.0,76.0,,,19.0,22.0,84.0,6.0,,,22.0,,,,,,2.0,7.0,77.0,,,3.0,,,,84.0,91.0,,,,9.0,,61.0,14.0,,,,143.0,39.0,62.0,85.0,78.0,,72.0,449.0,77.0,61.0,,,,6.0,112.0,16.0,,4.0,,,93.0,504.0,,,,11.0,,,34.0,,327.0,,12.0,38.0,,25.0,99.0,,0.0,,63.0,,,2.0,21.0,21.0,,19.0,509.0,34.0,,,,14.0,1.0,69.0,24.0,,,27.0,,77.0,1.0,85.0,97.0,,44.0,,,,,,9.0,74.0,93.0,,93.0,,47.0,,72.0,,,,47.0,47.0,9.0,,1.0,,,3.0,24.0,23.0,17.0,2.0,36.0,24.0,,,,,,5.0,,17.0,52.0,,2.0,72.0,3.0,,4.0,47.0,,,,,,,33.0,,3.0,,23.0,74.0,
2018-08-01,18.0,,,,,43.0,,,0.0,5.0,84.0,,11.0,66.0,,5.0,,,52.0,26.0,26.0,,26.0,,,,,6.0,,2.0,27.0,,203.0,11.0,,16.0,23.0,23.0,12.0,,35.0,8.0,,17.0,37.0,,36.0,35.0,115.0,,45.0,,,127.0,,,74.0,11.0,,26.0,,25.0,,,,,,20.0,,,45.0,1.0,,35.0,3.0,,64.0,,17.0,12.0,,10.0,,,,,,,9.0,,60.0,4.0,,,,11.0,,,1.0,,,,27.0,,,,,,5.0,51.0,7.0,32.0,,,,11.0,1.0,,13.0,18.0,16.0,57.0,23.0,13.0,,63.0,0.0,,,27.0,,,,11.0,,,73.0,,11.0,,,,47.0,30.0,44.0,,,4.0,61.0,,0.0,60.0,,,26.0,16.0,,31.0,,,93.0,,,43.0,,4.0,,31.0,16.0,,,41.0,34.0,,,,4.0,130.0,,16.0,14.0,9.0,6.0,24.0,,9.0,,,,,,9.0,9.0,,,,,8.0,,,,81.0,156.0,,,7.0,1.0,,59.0,59.0,,,,6.0,,58.0,73.0,93.0,,77.0,,,59.0,,,,,81.0,90.0,,21.0,,,37.0,572.0,,,,,1.0,,,38.0,17.0,,20.0,32.0,,,39.0,,,5.0,,,36.0,9.0,,,,20.0,16.0,97.0,,,29.0,61.0,142.0,10.0,1.0,3.0,4.0,83.0,,,,38.0,23.0,,17.0,,,,,0.0,63.0,,9.0,37.0,37.0,29.0,43.0,,58.0,,,,43.0,43.0,35.0,,3.0,,,1.0,,,16.0,,,31.0,,29.0,,,,4.0,,1.0,26.0,51.0,22.0,58.0,,,21.0,,,,,2.0,,4.0,42.0,,7.0,,,,
2018-09-01,,,,,3.0,3.0,1.0,15.0,,,47.0,14.0,,28.0,14.0,,55.0,,,,,,68.0,4.0,,,,15.0,21.0,,24.0,,37.0,,14.0,,32.0,8.0,13.0,36.0,,,,16.0,15.0,,57.0,5.0,54.0,24.0,54.0,,,30.0,,,,,,8.0,,41.0,9.0,,30.0,,,,,3.0,31.0,,,63.0,62.0,,115.0,,,,,29.0,,,,13.0,,,4.0,,14.0,,18.0,,,76.0,,49.0,65.0,,24.0,,24.0,,,,,,4.0,12.0,,64.0,,,,142.0,,,202.0,16.0,207.0,116.0,133.0,0.0,,29.0,,21.0,,24.0,,,,,,21.0,,15.0,195.0,,7.0,,19.0,7.0,21.0,,31.0,,24.0,,22.0,2.0,3.0,3.0,15.0,31.0,132.0,10.0,,,0.0,,,28.0,,,,7.0,7.0,,,137.0,88.0,11.0,,,,47.0,11.0,5.0,,9.0,,10.0,,,,,,,,,,,0.0,,,,,,,40.0,18.0,24.0,,,4.0,,,,2.0,,,10.0,,8.0,93.0,73.0,,16.0,89.0,0.0,67.0,,,,,23.0,23.0,,1.0,,121.0,16.0,245.0,,,,,13.0,,0.0,0.0,18.0,,54.0,64.0,,7.0,30.0,,,6.0,21.0,,9.0,103.0,,,,41.0,115.0,48.0,,,,81.0,243.0,231.0,21.0,13.0,,,,0.0,,132.0,31.0,,43.0,,1.0,,,,29.0,14.0,,4.0,16.0,,7.0,,179.0,,,,7.0,7.0,,54.0,47.0,21.0,,1.0,,,42.0,2.0,,87.0,,,17.0,,17.0,,,53.0,8.0,41.0,38.0,179.0,,,0.0,132.0,,,,,,,20.0,9.0,41.0,,90.0,0.0,21.0
2018-10-01,,,,,,68.0,,,,,31.0,,6.0,22.0,,9.0,1.0,,34.0,,,,16.0,,,,,1.0,29.0,,35.0,9.0,119.0,8.0,73.0,,73.0,12.0,75.0,30.0,,2.0,2.0,28.0,1.0,,80.0,19.0,,75.0,139.0,45.0,,142.0,,,,8.0,13.0,38.0,,32.0,9.0,,30.0,,9.0,,,,4.0,,,29.0,,29.0,116.0,,,70.0,,43.0,,2.0,4.0,,,,,,,,38.0,,,12.0,,65.0,,38.0,,,48.0,6.0,,,6.0,44.0,5.0,118.0,,33.0,,,,12.0,44.0,,106.0,0.0,33.0,88.0,72.0,60.0,,32.0,9.0,,,35.0,,,15.0,,,11.0,57.0,,96.0,,81.0,,28.0,4.0,37.0,,12.0,,12.0,,,,7.0,7.0,13.0,,21.0,21.0,,,,,20.0,8.0,137.0,,,,0.0,36.0,,30.0,18.0,20.0,30.0,,16.0,51.0,0.0,,,,114.0,,,,,,,,,,,,23.0,,2.0,2.0,,4.0,,105.0,156.0,,,72.0,,,5.0,66.0,,,,84.0,16.0,33.0,57.0,23.0,0.0,92.0,14.0,23.0,51.0,,,,11.0,0.0,40.0,,48.0,,6.0,8.0,209.0,,12.0,,6.0,,,1.0,1.0,162.0,,,33.0,,,154.0,4.0,,,18.0,,1.0,,,,,67.0,100.0,49.0,,,7.0,37.0,42.0,38.0,82.0,25.0,,52.0,,23.0,,66.0,113.0,,45.0,,78.0,,,,32.0,134.0,,,8.0,7.0,9.0,,100.0,,,,9.0,9.0,,,1.0,,,2.0,4.0,4.0,16.0,,,6.0,,7.0,,,,6.0,,44.0,38.0,36.0,,100.0,,,36.0,21.0,21.0,,,,,15.0,31.0,,,,75.0,47.0,29.0
2018-11-01,5.0,,24.0,,,,,19.0,,,69.0,,,41.0,5.0,,4.0,,29.0,,,,15.0,,9.0,,42.0,,,,75.0,,263.0,,21.0,,,0.0,13.0,36.0,,23.0,23.0,48.0,,,,35.0,,2.0,374.0,,,275.0,,,41.0,1.0,,30.0,,,2.0,,14.0,,,,,14.0,86.0,,,114.0,85.0,,111.0,,0.0,11.0,,7.0,,,,,,,10.0,,1.0,,13.0,,,24.0,,14.0,,,,,88.0,,5.0,,5.0,75.0,10.0,44.0,19.0,56.0,,,,45.0,54.0,,60.0,2.0,102.0,119.0,121.0,30.0,37.0,6.0,,20.0,,75.0,,,3.0,22.0,,20.0,196.0,15.0,51.0,,,,42.0,32.0,65.0,6.0,23.0,23.0,23.0,,,41.0,,,37.0,9.0,,5.0,,,16.0,,,60.0,,,,,,,3.0,14.0,1.0,,,,,4.0,57.0,6.0,,,,24.0,,,,,,,4.0,,,,23.0,6.0,6.0,23.0,,,25.0,139.0,7.0,,,,4.0,,59.0,81.0,,,,72.0,5.0,55.0,52.0,1.0,13.0,147.0,14.0,23.0,139.0,,,15.0,63.0,,,,11.0,,0.0,36.0,541.0,,11.0,,,11.0,,29.0,29.0,16.0,,145.0,56.0,,,96.0,,,4.0,10.0,,,5.0,36.0,36.0,,14.0,33.0,,,,,12.0,29.0,102.0,7.0,,23.0,37.0,,23.0,,,79.0,,3.0,,,,,23.0,6.0,7.0,,,36.0,,106.0,,111.0,,,13.0,106.0,106.0,,,10.0,20.0,,,,2.0,30.0,41.0,42.0,19.0,,,,,,9.0,,69.0,30.0,3.0,,111.0,,,,,11.0,,,,,11.0,20.0,,29.0,,25.0,33.0,
2018-12-01,8.0,,8.0,24.0,,4.0,,16.0,,0.0,190.0,10.0,0.0,,,18.0,30.0,,16.0,,,,48.0,,,,267.0,,5.0,,18.0,,210.0,1.0,13.0,50.0,,0.0,19.0,58.0,34.0,,15.0,34.0,30.0,,16.0,71.0,193.0,26.0,319.0,,,178.0,24.0,,95.0,48.0,,54.0,,,,,3.0,,,,,15.0,40.0,,,125.0,51.0,,239.0,,,13.0,,7.0,,,24.0,,,,24.0,16.0,68.0,0.0,45.0,,,18.0,,46.0,1.0,,,63.0,20.0,,8.0,,8.0,0.0,41.0,35.0,3.0,3.0,,,,23.0,196.0,,3.0,33.0,,323.0,63.0,31.0,,68.0,67.0,,,18.0,,,,8.0,17.0,,110.0,2.0,,,21.0,,68.0,9.0,,27.0,2.0,16.0,20.0,,,51.0,,,,14.0,6.0,19.0,,,28.0,,,6.0,21.0,18.0,,,38.0,,81.0,97.0,114.0,24.0,3.0,,107.0,66.0,4.0,37.0,12.0,23.0,19.0,,,,,,,,19.0,,,1.0,35.0,0.0,,,,0.0,0.0,85.0,327.0,1.0,,,5.0,,208.0,193.0,,,0.0,4.0,27.0,,39.0,17.0,,33.0,75.0,35.0,644.0,,,2.0,66.0,199.0,33.0,,27.0,,,26.0,96.0,,2.0,,35.0,,,,7.0,34.0,,,3.0,,16.0,87.0,15.0,3.0,5.0,81.0,,26.0,105.0,,,,52.0,36.0,40.0,,,8.0,41.0,217.0,7.0,14.0,,16.0,110.0,,35.0,,86.0,63.0,1.0,24.0,,77.0,,,,68.0,0.0,,,26.0,,41.0,,109.0,,,,41.0,41.0,,,11.0,1.0,,6.0,,19.0,60.0,2.0,267.0,84.0,,8.0,,1.0,1.0,45.0,,1.0,54.0,57.0,26.0,109.0,,,,6.0,,,,,,58.0,46.0,,19.0,,63.0,63.0,5.0
2019-01-01,20.0,,,,82.0,117.0,110.0,27.0,14.0,,302.0,9.0,2.0,193.0,1.0,11.0,63.0,16.0,101.0,1.0,1.0,0.0,13.0,1.0,138.0,,1.0,17.0,47.0,9.0,191.0,16.0,421.0,,113.0,12.0,69.0,35.0,75.0,203.0,267.0,219.0,172.0,432.0,63.0,,164.0,85.0,124.0,133.0,549.0,,,639.0,16.0,,96.0,14.0,16.0,335.0,12.0,34.0,2.0,,98.0,5.0,2.0,0.0,4.0,2.0,366.0,205.0,346.0,147.0,4.0,,303.0,3.0,143.0,35.0,,43.0,21.0,,,,,,130.0,0.0,47.0,37.0,28.0,,,60.0,2.0,305.0,97.0,4.0,,4.0,210.0,178.0,1.0,,179.0,57.0,283.0,330.0,129.0,326.0,22.0,,8.0,70.0,171.0,20.0,417.0,304.0,82.0,183.0,198.0,108.0,240.0,215.0,129.0,11.0,,191.0,,,3.0,3.0,25.0,9.0,74.0,,206.0,,422.0,,199.0,26.0,166.0,28.0,28.0,242.0,0.0,,,112.0,105.0,,37.0,336.0,54.0,0.0,4.0,10.0,35.0,0.0,,62.0,182.0,15.0,9.0,8.0,21.0,,2.0,207.0,186.0,16.0,,,93.0,253.0,241.0,124.0,41.0,79.0,324.0,17.0,,30.0,14.0,,9.0,4.0,,30.0,21.0,,251.0,222.0,128.0,197.0,22.0,1.0,37.0,530.0,479.0,0.0,,114.0,51.0,,109.0,217.0,0.0,15.0,,161.0,20.0,190.0,106.0,123.0,20.0,104.0,102.0,251.0,316.0,,0.0,5.0,67.0,184.0,185.0,0.0,171.0,,36.0,88.0,368.0,2.0,45.0,,2.0,4.0,,4.0,17.0,559.0,,33.0,326.0,,26.0,341.0,34.0,2.0,39.0,69.0,111.0,20.0,22.0,32.0,32.0,111.0,221.0,444.0,127.0,,8.0,10.0,180.0,125.0,74.0,14.0,36.0,242.0,97.0,,251.0,29.0,50.0,293.0,109.0,11.0,,94.0,15.0,,,215.0,105.0,,0.0,88.0,58.0,9.0,,666.0,,,3.0,9.0,9.0,,13.0,2.0,6.0,9.0,136.0,30.0,31.0,29.0,24.0,1.0,72.0,,10.0,10.0,109.0,12.0,175.0,33.0,63.0,335.0,65.0,30.0,666.0,13.0,9.0,96.0,54.0,14.0,14.0,,,12.0,0.0,87.0,3.0,31.0,0.0,175.0,122.0,47.0
2019-02-01,,,,,,,13.0,19.0,,,43.0,,1.0,24.0,,,62.0,8.0,23.0,,,5.0,81.0,,,,,,,,29.0,,192.0,18.0,71.0,,23.0,11.0,27.0,88.0,48.0,,,46.0,,,10.0,,19.0,11.0,139.0,74.0,,140.0,,,12.0,34.0,2.0,82.0,,,,,7.0,,,51.0,,,19.0,,,177.0,19.0,,123.0,,,68.0,,8.0,,,,,,,,,49.0,,3.0,,,40.0,,44.0,,,19.0,,29.0,,,,,55.0,,69.0,,78.0,,,,40.0,121.0,,129.0,0.0,80.0,41.0,64.0,25.0,13.0,18.0,0.0,,,29.0,,,,,0.0,14.0,206.0,,94.0,,399.0,,43.0,36.0,19.0,,18.0,,,,,126.0,33.0,,,,,,,,,,,83.0,266.0,,,,,,4.0,3.0,50.0,,7.0,,45.0,22.0,32.0,15.0,10.0,,107.0,,,,,,,,,,,,37.0,,,,,,90.0,187.0,72.0,,,,,,118.0,112.0,,18.0,,10.0,,83.0,15.0,32.0,,163.0,7.0,37.0,14.0,,,,79.0,32.0,51.0,,,,60.0,6.0,286.0,,,,241.0,3.0,,,,46.0,,21.0,78.0,,,110.0,,,46.0,17.0,,,,6.0,6.0,,12.0,91.0,44.0,,,8.0,120.0,0.0,80.0,6.0,5.0,,39.0,,37.0,,74.0,141.0,,87.0,,70.0,,,,18.0,1.0,,6.0,6.0,,,,120.0,3.0,,,,,,,,,8.0,,,,4.0,19.0,,62.0,,8.0,,,,7.0,,55.0,82.0,,63.0,120.0,,,,,19.0,,,0.0,,6.0,23.0,,0.0,,120.0,37.0,
2019-03-01,15.0,,,,23.0,21.0,,,,,212.0,,23.0,31.0,,8.0,12.0,,105.0,,,,,,0.0,,,3.0,4.0,0.0,18.0,,118.0,,12.0,53.0,68.0,43.0,,19.0,,,0.0,,,,58.0,28.0,,7.0,137.0,10.0,,1032.0,22.0,,,7.0,7.0,88.0,,,,,,,,,,0.0,5.0,,,63.0,3.0,11.0,44.0,,15.0,9.0,,,,,,4.0,,,45.0,,18.0,2.0,,,,13.0,,35.0,1.0,,11.0,,18.0,,12.0,,12.0,2.0,48.0,54.0,,50.0,1.0,,,26.0,8.0,,70.0,,134.0,113.0,42.0,49.0,,33.0,,22.0,,18.0,,,38.0,15.0,4.0,22.0,65.0,0.0,62.0,,37.0,,26.0,,4.0,,,40.0,,,11.0,8.0,27.0,23.0,3.0,2.0,,23.0,,,,,,19.0,0.0,,,,,,44.0,166.0,172.0,54.0,53.0,,293.0,197.0,40.0,250.0,49.0,,35.0,,,,7.0,,0.0,,,3.0,,,3.0,,12.0,,,12.0,5.0,177.0,26.0,,,,8.0,41.0,29.0,11.0,,,0.0,24.0,32.0,46.0,82.0,135.0,,96.0,35.0,3.0,37.0,,,,18.0,52.0,52.0,,,,15.0,7.0,493.0,,,,,34.0,,,,16.0,0.0,21.0,50.0,,,136.0,0.0,5.0,2.0,15.0,,7.0,,7.0,7.0,6.0,22.0,150.0,124.0,12.0,,,58.0,138.0,142.0,,,40.0,13.0,,3.0,7.0,0.0,174.0,,68.0,,53.0,,,8.0,33.0,,23.0,7.0,7.0,,37.0,,67.0,,,23.0,37.0,37.0,,,2.0,22.0,,,11.0,15.0,3.0,0.0,,97.0,,,,,,27.0,,,88.0,,1.0,67.0,,0.0,,,69.0,12.0,,35.0,,7.0,29.0,,10.0,,59.0,32.0,4.0
2019-04-01,,,,,,,,,,,42.0,,4.0,53.0,,,12.0,,21.0,,,,9.0,,6.0,,,,,,26.0,,62.0,9.0,0.0,,38.0,33.0,33.0,106.0,,,,20.0,207.0,,89.0,19.0,61.0,6.0,123.0,19.0,,86.0,29.0,,6.0,28.0,,98.0,,33.0,,,38.0,25.0,,11.0,,,18.0,,,34.0,3.0,,98.0,,,5.0,,38.0,,,,,,,14.0,,,,,20.0,6.0,,,83.0,0.0,,10.0,8.0,47.0,,,,,1.0,,5.0,27.0,79.0,,,,,13.0,,90.0,6.0,85.0,22.0,11.0,62.0,,43.0,,13.0,,26.0,,,,,,13.0,76.0,,90.0,,82.0,,8.0,8.0,6.0,,4.0,,14.0,,,17.0,8.0,,,6.0,30.0,,,,24.0,,,15.0,43.0,,,,,2.0,3.0,,,,4.0,,16.0,111.0,,0.0,11.0,,13.0,,,,4.0,,,,,,,,,,,,,,,134.0,28.0,,,,0.0,,44.0,35.0,,,,56.0,43.0,8.0,12.0,,,,59.0,,34.0,,,,33.0,38.0,73.0,,44.0,,34.0,28.0,305.0,,0.0,,38.0,,,17.0,17.0,34.0,,,79.0,,,148.0,,,22.0,13.0,,,32.0,24.0,24.0,16.0,88.0,169.0,102.0,,,25.0,100.0,198.0,93.0,33.0,239.0,,8.0,,,15.0,35.0,87.0,,87.0,,27.0,,,,43.0,13.0,,,28.0,31.0,,,56.0,,,24.0,,,,,17.0,13.0,,6.0,,17.0,3.0,,,,,25.0,,,,,,,98.0,14.0,8.0,56.0,,,45.0,30.0,5.0,,,,,14.0,,,11.0,,10.0,,
2019-05-01,,,,,,,4.0,7.0,,,176.0,29.0,11.0,29.0,,39.0,,,55.0,,,,7.0,2.0,7.0,,22.0,,21.0,,23.0,,125.0,,87.0,22.0,,,,,19.0,15.0,,2.0,1.0,,,19.0,,23.0,80.0,,,73.0,28.0,,23.0,,,3.0,,,,,32.0,,,,,,12.0,0.0,,39.0,1.0,4.0,189.0,,7.0,,,15.0,7.0,,15.0,6.0,,,3.0,7.0,,16.0,,19.0,,0.0,,60.0,4.0,4.0,18.0,,27.0,,8.0,,8.0,25.0,72.0,38.0,21.0,0.0,,,,0.0,4.0,,237.0,6.0,473.0,73.0,24.0,25.0,,28.0,8.0,,,23.0,,,,,77.0,,18.0,4.0,275.0,,156.0,,41.0,19.0,0.0,,,40.0,,,,0.0,,,,,15.0,33.0,0.0,,8.0,,,12.0,14.0,,,33.0,,,1.0,116.0,178.0,8.0,,,57.0,22.0,,,3.0,,98.0,0.0,,,6.0,,,,,,,4.0,6.0,15.0,,15.0,,7.0,15.0,3.0,77.0,,,,0.0,,83.0,64.0,,,,22.0,13.0,,23.0,,,66.0,67.0,6.0,33.0,,,,,0.0,32.0,,,,,53.0,329.0,,,,13.0,26.0,,20.0,,,,11.0,0.0,,2.0,46.0,8.0,,40.0,5.0,,,95.0,57.0,57.0,2.0,60.0,43.0,,,,,31.0,12.0,477.0,,,40.0,3.0,,6.0,,54.0,,,77.0,,22.0,,,0.0,28.0,31.0,,,53.0,,,,213.0,,,35.0,,,,,,,,308.0,7.0,0.0,1.0,0.0,22.0,60.0,,,,,0.0,,18.0,39.0,3.0,,44.0,213.0,,,12.0,15.0,,8.0,,,,4.0,25.0,,1.0,,15.0,60.0,21.0
2019-06-01,,,,,,,,7.0,,,80.0,3.0,,26.0,,,10.0,,,,,41.0,12.0,0.0,,,43.0,,,2.0,18.0,,186.0,,29.0,16.0,11.0,,,55.0,2.0,4.0,5.0,61.0,7.0,,5.0,69.0,79.0,,47.0,17.0,,115.0,,,21.0,6.0,,103.0,,,6.0,,6.0,,,,,23.0,15.0,,,24.0,21.0,,63.0,,1.0,12.0,,6.0,,,,,,,5.0,,1.0,,5.0,,,23.0,,50.0,,,,,27.0,,,,,56.0,51.0,45.0,,32.0,,,,29.0,69.0,,12.0,48.0,3.0,14.0,12.0,,,17.0,,,,18.0,,,,1.0,,8.0,59.0,,10.0,,56.0,,26.0,35.0,72.0,,15.0,2.0,56.0,,0.0,66.0,,,,14.0,14.0,2.0,,,3.0,,,18.0,45.0,,,,,,5.0,67.0,22.0,,,,,30.0,14.0,,5.0,10.0,27.0,,,6.0,,,,,,6.0,,,,,,4.0,,,6.0,94.0,51.0,,,11.0,,,7.0,2.0,16.0,,,1.0,8.0,,6.0,6.0,4.0,107.0,10.0,,44.0,,,9.0,0.0,11.0,52.0,,,,19.0,63.0,444.0,,,,,4.0,,,,35.0,,75.0,32.0,,93.0,39.0,10.0,0.0,2.0,24.0,,6.0,,,,,85.0,52.0,18.0,,0.0,4.0,44.0,56.0,3.0,,,2.0,26.0,,,,37.0,66.0,,17.0,,16.0,,,9.0,17.0,,,16.0,63.0,1.0,,,49.0,0.0,,,,,,23.0,21.0,,,,0.0,,5.0,41.0,43.0,36.0,,4.0,,,,13.0,,56.0,103.0,50.0,3.0,49.0,4.0,,,14.0,12.0,,,0.0,,11.0,30.0,,2.0,,9.0,,
2019-07-01,,,36.0,,16.0,,,21.0,,0.0,227.0,72.0,,23.0,,0.0,49.0,,,,,,59.0,,,,,2.0,0.0,,17.0,,38.0,,66.0,21.0,35.0,62.0,35.0,42.0,93.0,,,,43.0,,64.0,22.0,67.0,4.0,30.0,,,76.0,112.0,,95.0,3.0,,49.0,17.0,31.0,,,86.0,,1.0,,,,199.0,14.0,,52.0,35.0,,66.0,4.0,16.0,8.0,,5.0,,,,,,,7.0,16.0,3.0,,14.0,,,5.0,,128.0,17.0,17.0,,,17.0,,,,,22.0,,69.0,,41.0,,,,10.0,,,107.0,61.0,61.0,,113.0,17.0,102.0,95.0,5.0,,,17.0,,,,,,,46.0,,,,460.0,,21.0,8.0,,,4.0,107.0,55.0,,4.0,61.0,22.0,6.0,,148.0,,,36.0,,6.0,,,1.0,839.0,14.0,,,,,40.0,60.0,20.0,25.0,,,,88.0,150.0,188.0,33.0,10.0,48.0,1.0,,,,,,,,,,,206.0,,,,,,,89.0,219.0,,,13.0,,,,2.0,,3.0,,37.0,1.0,39.0,18.0,,,86.0,152.0,206.0,18.0,,,4.0,5.0,122.0,125.0,,4.0,,,87.0,99.0,,2.0,,23.0,67.0,,,,55.0,2.0,,41.0,,16.0,163.0,,,,23.0,,4.0,28.0,14.0,14.0,,124.0,84.0,,,,,145.0,33.0,67.0,30.0,,107.0,40.0,,206.0,,,43.0,,,6.0,6.0,,,,95.0,,,72.0,87.0,,23.0,,98.0,8.0,,,23.0,23.0,16.0,,80.0,,,,6.0,6.0,48.0,7.0,,33.0,,,13.0,,4.0,,,,49.0,6.0,1.0,98.0,,,,,0.0,,5.0,,4.0,107.0,42.0,,43.0,1.0,126.0,2.0,0.0
2019-08-01,,,,,,9.0,,30.0,,,31.0,,,,1.0,,,,14.0,,,,3.0,,,,3.0,,65.0,,,41.0,68.0,,,,,,,28.0,84.0,,,,,,82.0,5.0,48.0,,110.0,9.0,,107.0,,,61.0,25.0,,,,,,,,,,,,,22.0,2.0,,109.0,2.0,,208.0,,11.0,21.0,,3.0,,,1.0,,,,8.0,,91.0,0.0,2.0,,,6.0,,52.0,15.0,,4.0,61.0,,,,,,15.0,6.0,30.0,,60.0,,,41.0,34.0,15.0,9.0,207.0,51.0,63.0,56.0,70.0,46.0,,30.0,20.0,,,,,,,0.0,,,78.0,,217.0,,10.0,,15.0,15.0,4.0,,27.0,,15.0,,,121.0,,,,17.0,,3.0,0.0,,15.0,0.0,,,51.0,,,,,,80.0,57.0,16.0,11.0,,,46.0,65.0,0.0,,52.0,24.0,,,,,,,,,,,,,,,0.0,,,0.0,2.0,62.0,56.0,,,0.0,10.0,,12.0,48.0,2.0,,,65.0,,,1.0,49.0,78.0,92.0,36.0,,97.0,,,,42.0,100.0,52.0,,154.0,,4.0,10.0,167.0,,,,20.0,44.0,,28.0,28.0,44.0,10.0,1.0,60.0,,,131.0,0.0,,8.0,3.0,,,,22.0,22.0,18.0,39.0,55.0,44.0,4.0,,6.0,133.0,3.0,83.0,,9.0,,18.0,,,,70.0,2.0,,18.0,,43.0,0.0,,,30.0,,,10.0,10.0,,,,381.0,,,,,,,,18.0,,,,79.0,,2.0,38.0,3.0,112.0,,6.0,4.0,,4.0,53.0,,15.0,,,24.0,381.0,,,58.0,,,35.0,,,,10.0,51.0,,,,70.0,61.0,65.0
2019-09-01,16.0,,,,,,5.0,11.0,,,172.0,9.0,,30.0,,,39.0,91.0,57.0,,,14.0,,,,,116.0,,46.0,,2.0,,280.0,,,,,,24.0,60.0,37.0,17.0,16.0,16.0,,,204.0,0.0,39.0,,117.0,,,232.0,11.0,,22.0,,91.0,31.0,,165.0,,,79.0,,,15.0,,,6.0,,,19.0,5.0,,76.0,,106.0,2.0,,16.0,,,,,,,,,20.0,,0.0,,,39.0,,86.0,,,16.0,,25.0,17.0,16.0,,33.0,,,153.0,,,16.0,,,39.0,15.0,106.0,202.0,,12.0,28.0,,8.0,,6.0,,,,2.0,,,31.0,16.0,15.0,,113.0,,117.0,,73.0,,14.0,,43.0,,,,16.0,,,8.0,15.0,3.0,23.0,0.0,28.0,0.0,0.0,,0.0,,,9.0,4.0,,,,22.0,,5.0,42.0,120.0,104.0,,,117.0,101.0,47.0,117.0,40.0,18.0,46.0,39.0,,,,,,,,,,,15.0,,,1.0,16.0,,,139.0,,,,7.0,,,27.0,26.0,,,,16.0,8.0,12.0,83.0,115.0,22.0,119.0,69.0,15.0,47.0,,,23.0,,47.0,130.0,,12.0,,29.0,0.0,120.0,,,,11.0,4.0,,43.0,57.0,16.0,,15.0,,,11.0,157.0,,5.0,19.0,29.0,,,10.0,,,,42.0,74.0,65.0,,,,52.0,44.0,12.0,64.0,,,,,15.0,,106.0,127.0,,34.0,,91.0,20.0,,,6.0,,0.0,0.0,0.0,5.0,14.0,,223.0,0.0,,,14.0,14.0,0.0,12.0,,,,,16.0,,5.0,,116.0,19.0,,,7.0,,7.0,,,7.0,31.0,9.0,31.0,223.0,,,8.0,28.0,,,,0.0,,22.0,78.0,,45.0,,21.0,,46.0
2019-10-01,,,,1.0,,4.0,,55.0,,1.0,84.0,56.0,21.0,12.0,9.0,1.0,38.0,5.0,15.0,31.0,31.0,,30.0,0.0,,,16.0,,18.0,1.0,77.0,25.0,198.0,95.0,8.0,4.0,2.0,70.0,70.0,138.0,72.0,18.0,,91.0,127.0,,91.0,124.0,103.0,2.0,51.0,,,146.0,,,67.0,126.0,,0.0,,,,,1.0,,15.0,,3.0,,197.0,14.0,5.0,317.0,22.0,,32.0,,5.0,4.0,,,,,,,,,36.0,,59.0,,,,,126.0,,,,,,,90.0,,,,,5.0,,35.0,81.0,13.0,,,,136.0,,,23.0,54.0,,149.0,124.0,41.0,5.0,121.0,6.0,1.0,,77.0,,,,,52.0,1.0,78.0,3.0,5.0,,82.0,,33.0,5.0,31.0,,,5.0,22.0,,,19.0,4.0,,22.0,125.0,78.0,,8.0,,14.0,,,58.0,,,5.0,,,,18.0,35.0,8.0,31.0,1.0,,3.0,75.0,160.0,35.0,58.0,,54.0,,,,5.0,74.0,,,,,,,20.0,,,18.0,,,5.0,69.0,138.0,,,1.0,,,3.0,16.0,11.0,,,21.0,,2.0,19.0,42.0,3.0,190.0,29.0,20.0,14.0,,,,,39.0,36.0,,20.0,,,48.0,506.0,,,,,0.0,,3.0,,42.0,,,13.0,,,169.0,18.0,,43.0,24.0,,,56.0,20.0,20.0,,70.0,82.0,86.0,,,,110.0,14.0,,21.0,63.0,5.0,27.0,,20.0,5.0,83.0,64.0,,104.0,,4.0,20.0,,,121.0,,4.0,7.0,48.0,,29.0,,12.0,,,5.0,29.0,29.0,,,120.0,1.0,,8.0,8.0,5.0,6.0,,16.0,91.0,,,,,,,,,0.0,,114.0,12.0,,,,78.0,,,,,40.0,3.0,19.0,,50.0,,32.0,3.0,18.0
2019-11-01,,39.0,48.0,21.0,,2.0,7.0,4.0,,,170.0,27.0,,20.0,1.0,21.0,9.0,,6.0,,,,295.0,1.0,,,,34.0,85.0,,23.0,,167.0,,118.0,,140.0,30.0,106.0,51.0,21.0,,,33.0,53.0,,3.0,14.0,28.0,169.0,119.0,44.0,,90.0,,,21.0,,,32.0,,58.0,,,51.0,,,,,15.0,23.0,,,58.0,8.0,,147.0,,295.0,289.0,,,1.0,,,,,,49.0,,18.0,,,,,,,51.0,3.0,,,,23.0,9.0,,4.0,9.0,23.0,,83.0,,114.0,,,,,386.0,,168.0,36.0,31.0,204.0,34.0,22.0,23.0,4.0,,,,23.0,,,16.0,,,,64.0,,141.0,,90.0,,34.0,,18.0,,,16.0,4.0,,4.0,77.0,,,,,40.0,,4.0,,,,,1.0,106.0,27.0,1.0,,,,8.0,31.0,5.0,,,,90.0,138.0,295.0,,54.0,53.0,75.0,,,,4.0,,,1.0,,,,,34.0,,,,,,11.0,243.0,92.0,,,,0.0,,161.0,224.0,10.0,,,139.0,18.0,11.0,18.0,58.0,4.0,36.0,55.0,34.0,112.0,,,,528.0,10.0,133.0,,,,,62.0,161.0,,,,18.0,,,21.0,10.0,33.0,,16.0,114.0,,,196.0,,,,14.0,,11.0,,10.0,5.0,,45.0,60.0,52.0,,,,174.0,18.0,31.0,,,16.0,33.0,,34.0,,64.0,143.0,,7.0,,0.0,,,,4.0,98.0,,,62.0,5.0,,,115.0,,,3.0,,,,,10.0,,,,,1.0,8.0,6.0,,230.0,,,,,,11.0,4.0,19.0,32.0,63.0,5.0,115.0,,,8.0,40.0,,,,0.0,10.0,17.0,,,15.0,,,,85.0
2019-12-01,2.0,,,,10.0,26.0,,68.0,3.0,,83.0,2.0,,21.0,1.0,5.0,41.0,1.0,47.0,,,,23.0,,,,52.0,,14.0,,49.0,4.0,129.0,,38.0,17.0,5.0,5.0,34.0,24.0,140.0,0.0,,56.0,,,174.0,34.0,35.0,25.0,115.0,76.0,,120.0,10.0,,92.0,4.0,,106.0,4.0,10.0,2.0,,30.0,,11.0,,7.0,,38.0,14.0,,61.0,34.0,,10.0,,31.0,85.0,,7.0,1.0,,,,,4.0,,,32.0,9.0,,,,30.0,,10.0,5.0,2.0,,,100.0,0.0,,,0.0,34.0,57.0,250.0,,120.0,,,,39.0,133.0,31.0,183.0,9.0,2.0,45.0,64.0,193.0,,57.0,,,,49.0,,,14.0,3.0,,,89.0,22.0,95.0,,,,32.0,22.0,31.0,,24.0,14.0,77.0,,,144.0,,,,2.0,11.0,,,,24.0,,,79.0,20.0,3.0,1.0,1.0,25.0,,277.0,127.0,69.0,17.0,,,92.0,110.0,32.0,12.0,14.0,43.0,10.0,4.0,,,,,0.0,30.0,,,1.0,,173.0,,,0.0,,,,75.0,6.0,,,,15.0,,143.0,,2.0,,,14.0,23.0,,20.0,22.0,294.0,71.0,8.0,173.0,890.0,,,,52.0,8.0,30.0,,3.0,,,45.0,262.0,,5.0,,72.0,76.0,,,,68.0,,33.0,120.0,,12.0,86.0,10.0,,30.0,4.0,,18.0,15.0,,,,29.0,141.0,93.0,,,1.0,24.0,78.0,,4.0,,14.0,67.0,,173.0,,61.0,43.0,30.0,265.0,,52.0,,1.0,,57.0,,34.0,34.0,45.0,,18.0,1.0,207.0,,,38.0,18.0,18.0,11.0,14.0,,,,0.0,253.0,,36.0,,,14.0,,1.0,,30.0,37.0,,,9.0,106.0,,32.0,207.0,,0.0,9.0,11.0,,5.0,75.0,55.0,16.0,,59.0,,15.0,,126.0,6.0,14.0
2020-01-01,1.0,135.0,4.0,,,51.0,28.0,20.0,,5.0,101.0,,41.0,134.0,26.0,12.0,55.0,6.0,54.0,,,56.0,24.0,10.0,9.0,,124.0,9.0,80.0,,193.0,,262.0,14.0,11.0,,51.0,36.0,50.0,100.0,58.0,186.0,17.0,87.0,11.0,,64.0,37.0,4.0,47.0,172.0,146.0,,147.0,8.0,,64.0,49.0,,61.0,3.0,,7.0,1.0,99.0,8.0,13.0,,23.0,0.0,122.0,254.0,,250.0,45.0,,427.0,5.0,101.0,41.0,,104.0,11.0,,0.0,18.0,,,70.0,,28.0,11.0,20.0,,,29.0,4.0,247.0,27.0,10.0,50.0,51.0,247.0,79.0,13.0,5.0,92.0,55.0,64.0,310.0,6.0,671.0,8.0,,,52.0,162.0,92.0,864.0,381.0,308.0,469.0,343.0,79.0,35.0,538.0,48.0,9.0,0.0,193.0,7.0,,,24.0,,9.0,115.0,3.0,797.0,,96.0,,89.0,21.0,70.0,,40.0,90.0,103.0,5.0,7.0,196.0,15.0,,,88.0,102.0,15.0,,,426.0,3.0,7.0,37.0,,,3.0,3.0,,,15.0,181.0,261.0,183.0,,,62.0,458.0,132.0,69.0,149.0,15.0,6.0,13.0,0.0,18.0,4.0,,1.0,0.0,,19.0,16.0,,166.0,74.0,15.0,165.0,21.0,26.0,5.0,45.0,617.0,10.0,20.0,5.0,23.0,,108.0,113.0,,0.0,,70.0,45.0,49.0,99.0,168.0,58.0,273.0,73.0,166.0,270.0,,,46.0,40.0,12.0,22.0,,61.0,0.0,30.0,184.0,191.0,,35.0,,17.0,20.0,,1.0,6.0,113.0,,136.0,671.0,,47.0,212.0,,,6.0,37.0,22.0,51.0,102.0,85.0,82.0,14.0,90.0,367.0,194.0,,4.0,14.0,86.0,58.0,278.0,9.0,1.0,90.0,53.0,,166.0,17.0,374.0,56.0,2.0,37.0,,61.0,119.0,,9.0,538.0,22.0,1.0,9.0,184.0,15.0,114.0,3.0,931.0,,,,114.0,114.0,9.0,,105.0,9.0,6.0,46.0,26.0,36.0,10.0,64.0,124.0,73.0,,14.0,,2.0,,3.0,,63.0,61.0,14.0,31.0,931.0,28.0,1.0,18.0,102.0,43.0,,0.0,9.0,6.0,3.0,115.0,,76.0,1.0,390.0,49.0,80.0
2020-02-01,,,,,,,,7.0,,,96.0,,,14.0,,,,,26.0,,,,16.0,,6.0,,6.0,,50.0,,,,185.0,,36.0,27.0,2.0,28.0,6.0,52.0,55.0,1.0,9.0,5.0,0.0,,23.0,19.0,74.0,29.0,142.0,22.0,,185.0,18.0,,93.0,10.0,52.0,5.0,,12.0,,,2.0,,,,,,5.0,,,12.0,,,74.0,,16.0,,,56.0,,,,,,,8.0,,20.0,,,,,1.0,,20.0,,116.0,,,16.0,,,,,62.0,9.0,456.0,28.0,6.0,29.0,,,2.0,193.0,,486.0,,73.0,113.0,85.0,117.0,,110.0,94.0,,,,,,,9.0,,,8.0,,90.0,,14.0,,12.0,12.0,16.0,,,38.0,3.0,,3.0,6.0,6.0,,14.0,,76.0,6.0,1.0,,,,,120.0,31.0,,,,0.0,,,79.0,79.0,3.0,,,64.0,26.0,,,11.0,13.0,76.0,,,,,,,,,,,,24.0,,,,1.0,,,242.0,141.0,,,26.0,,,73.0,25.0,,,,20.0,10.0,7.0,3.0,,24.0,83.0,31.0,24.0,30.0,,,14.0,7.0,83.0,16.0,,36.0,,,,11.0,,,,,,,,,15.0,,1.0,6.0,,,201.0,5.0,,9.0,1365.0,,15.0,,2.0,2.0,,97.0,17.0,19.0,,,,91.0,19.0,73.0,10.0,9.0,38.0,21.0,,24.0,,153.0,246.0,,47.0,,79.0,6.0,,,110.0,79.0,,,,6.0,16.0,,587.0,,8.0,,16.0,16.0,,,,,6.0,0.0,,,,7.0,,89.0,,,,,,9.0,,71.0,5.0,12.0,22.0,587.0,,,36.0,76.0,8.0,,,38.0,,,23.0,11.0,102.0,,65.0,,50.0
2020-03-01,,,30.0,,,,,,,5.0,69.0,8.0,,14.0,,7.0,18.0,,13.0,,,,,2.0,,,21.0,,,,15.0,,117.0,,59.0,,106.0,95.0,,129.0,12.0,0.0,2.0,56.0,15.0,,44.0,28.0,2.0,3.0,61.0,,23.0,89.0,1.0,,3.0,28.0,12.0,15.0,,,,,30.0,30.0,7.0,,,,1.0,,1.0,2.0,1.0,,47.0,,,69.0,,,1.0,,,,,,14.0,,6.0,,,,,2.0,,11.0,0.0,,,3.0,15.0,7.0,2.0,,9.0,55.0,2.0,93.0,,26.0,,,,4.0,0.0,,100.0,21.0,57.0,,44.0,46.0,,58.0,,4.0,,15.0,,,,,,4.0,95.0,20.0,24.0,,348.0,,25.0,,5.0,,,11.0,70.0,,,82.0,20.0,,,,42.0,,146.0,,11.0,,,,265.0,8.0,1.0,,,,1.0,1483.0,1537.0,79.0,2.0,,81.0,99.0,,25.0,,,26.0,0.0,,,2.0,,,,,,0.0,1.0,2.0,,,0.0,,2.0,122.0,76.0,54.0,3.0,,3.0,12.0,2.0,25.0,23.0,,,,270.0,,,12.0,66.0,,175.0,7.0,2.0,58.0,,,,89.0,29.0,27.0,,24.0,,,58.0,348.0,,5.0,,23.0,18.0,,,1.0,65.0,,39.0,26.0,,48.0,37.0,,3.0,,48.0,5.0,,36.0,6.0,6.0,17.0,33.0,36.0,2.0,,,,24.0,16.0,58.0,,,11.0,9.0,,2.0,7.0,22.0,113.0,0.0,46.0,,10.0,,,,58.0,17.0,,,58.0,,,,187.0,,,,,,,,146.0,4.0,,6.0,2.0,9.0,3.0,0.0,26.0,36.0,,,3.0,0.0,17.0,168.0,,,15.0,,44.0,187.0,2.0,,47.0,42.0,,,,,,1.0,42.0,,,,81.0,14.0,
2020-04-01,,,,11.0,,12.0,10.0,17.0,,,67.0,17.0,35.0,39.0,,0.0,,,107.0,3.0,,3.0,0.0,,,,,,,1.0,53.0,,106.0,,10.0,12.0,26.0,38.0,27.0,81.0,9.0,4.0,,11.0,,,22.0,9.0,6.0,20.0,238.0,23.0,,244.0,11.0,,89.0,9.0,,97.0,,26.0,,,12.0,,,51.0,,6.0,9.0,4.0,7.0,7.0,9.0,,89.0,,11.0,7.0,,50.0,,6.0,,,,,9.0,,11.0,,,,,34.0,,13.0,36.0,,68.0,37.0,72.0,,,,,36.0,,55.0,27.0,52.0,23.0,,,43.0,53.0,,67.0,53.0,4.0,139.0,84.0,205.0,,28.0,,,,53.0,2.0,,,4.0,,,45.0,,30.0,9.0,81.0,,19.0,,1.0,,,84.0,68.0,,,64.0,3.0,,,,21.0,4.0,,,,,,17.0,7.0,17.0,21.0,,,,15.0,27.0,27.0,8.0,,,179.0,29.0,,,4.0,,,28.0,,2.0,,,,,3.0,2.0,,,,,24.0,,4.0,2.0,,25.0,122.0,,,,7.0,,21.0,69.0,,,,65.0,,9.0,41.0,11.0,7.0,52.0,22.0,,27.0,,,,78.0,6.0,70.0,,,,,8.0,245.0,,5.0,9.0,16.0,2.0,,12.0,40.0,21.0,,9.0,52.0,,0.0,17.0,,,10.0,7.0,10.0,7.0,,34.0,34.0,,42.0,32.0,,5.0,,,4.0,108.0,17.0,,,84.0,34.0,,,,84.0,99.0,7.0,55.0,,33.0,2.0,,,28.0,,19.0,,8.0,,1.0,,396.0,,,,1.0,1.0,,,,,7.0,,3.0,24.0,15.0,2.0,,39.0,,,,7.0,5.0,165.0,,36.0,97.0,58.0,32.0,396.0,,,,21.0,,,,42.0,,,51.0,,6.0,,71.0,60.0,
2020-05-01,,,,,,,3.0,7.0,,,,,,13.0,,7.0,2.0,2.0,16.0,,,16.0,10.0,4.0,,,,34.0,,12.0,3.0,44.0,324.0,41.0,53.0,15.0,,,2.0,1.0,16.0,5.0,,152.0,,,51.0,63.0,47.0,5.0,49.0,168.0,,195.0,,,28.0,90.0,10.0,31.0,44.0,26.0,,,18.0,,,,,,2.0,21.0,6.0,78.0,2.0,,79.0,,39.0,4.0,,,,,,,,,,,0.0,1.0,,,0.0,63.0,,27.0,23.0,,,7.0,6.0,,3.0,,3.0,64.0,0.0,288.0,115.0,5.0,,,,89.0,,39.0,326.0,68.0,43.0,85.0,33.0,183.0,,34.0,22.0,,,3.0,,,,,17.0,11.0,63.0,,70.0,,165.0,,2.0,,14.0,,,1.0,,,,6.0,,,,,64.0,9.0,9.0,,23.0,,,6.0,87.0,,,,,,2.0,26.0,38.0,28.0,2.0,,69.0,114.0,,6.0,31.0,4.0,28.0,0.0,,,,,,,,,,,28.0,6.0,,5.0,,,,234.0,206.0,,11.0,1.0,,,4.0,16.0,,,,170.0,39.0,5.0,108.0,88.0,7.0,162.0,57.0,28.0,,,,,85.0,110.0,64.0,44.0,,,,13.0,156.0,,,,51.0,58.0,,,6.0,199.0,,5.0,5.0,,,149.0,,,4.0,2.0,,24.0,,12.0,1.0,,33.0,3.0,60.0,,,4.0,37.0,69.0,26.0,52.0,52.0,1.0,39.0,,28.0,,126.0,115.0,,70.0,,25.0,,,,34.0,0.0,10.0,,13.0,4.0,16.0,,275.0,,,,16.0,16.0,,5.0,15.0,,,18.0,4.0,,23.0,30.0,,31.0,,4.0,,,3.0,68.0,,,31.0,26.0,2.0,275.0,,,,64.0,,3.0,18.0,12.0,,,40.0,,,,105.0,7.0,
2020-06-01,,,,,,24.0,,52.0,,,95.0,,,2.0,0.0,7.0,,,54.0,42.0,35.0,,34.0,,,,,,36.0,27.0,61.0,,179.0,,14.0,,1.0,,,30.0,30.0,6.0,1.0,,18.0,,55.0,,,8.0,87.0,137.0,,51.0,9.0,,39.0,17.0,,15.0,,19.0,0.0,,18.0,,,20.0,,,50.0,19.0,14.0,62.0,5.0,,35.0,,,,,12.0,,,,,,,6.0,1.0,5.0,,,,,,,23.0,,16.0,14.0,9.0,71.0,,,,,67.0,3.0,307.0,107.0,48.0,,,,4.0,28.0,20.0,327.0,15.0,33.0,88.0,124.0,9.0,14.0,48.0,68.0,,,61.0,,,24.0,3.0,4.0,,76.0,27.0,95.0,,288.0,,15.0,11.0,52.0,,2.0,72.0,78.0,,,49.0,,,49.0,49.0,29.0,,,,,,,,54.0,,9.0,,70.0,,2.0,177.0,188.0,13.0,,,14.0,101.0,,46.0,,,160.0,,,0.0,,,7.0,,,0.0,,,41.0,,33.0,,6.0,2.0,,215.0,49.0,,,81.0,3.0,,40.0,13.0,,,,19.0,6.0,14.0,,85.0,30.0,44.0,24.0,41.0,126.0,7.0,2.0,14.0,37.0,,6.0,,13.0,,31.0,13.0,167.0,2.0,,,2.0,1.0,,,15.0,4.0,,6.0,48.0,,4.0,119.0,,2.0,40.0,7.0,,12.0,4.0,5.0,5.0,1.0,9.0,36.0,8.0,,,8.0,120.0,16.0,17.0,,38.0,72.0,41.0,,41.0,,140.0,63.0,21.0,34.0,,58.0,29.0,,,48.0,,5.0,5.0,13.0,2.0,16.0,,203.0,,,,16.0,16.0,0.0,,6.0,,0.0,,,,32.0,20.0,2.0,54.0,,8.0,,21.0,,26.0,,14.0,15.0,19.0,5.0,203.0,2.0,7.0,9.0,29.0,18.0,,21.0,27.0,2.0,,8.0,,,2.0,150.0,50.0,36.0
2020-07-01,,,3.0,,,39.0,,17.0,6.0,,157.0,9.0,,64.0,6.0,,,8.0,1.0,,,,0.0,,,,3.0,30.0,11.0,,121.0,40.0,112.0,8.0,19.0,8.0,8.0,26.0,,9.0,76.0,,,28.0,6.0,2.0,61.0,3.0,,63.0,72.0,,,125.0,49.0,,99.0,,,170.0,,,2.0,,44.0,,1.0,,1.0,,34.0,21.0,13.0,79.0,15.0,,301.0,13.0,,16.0,,5.0,2.0,,,1.0,,,12.0,,2.0,,,,,,6.0,66.0,5.0,2.0,,6.0,228.0,,,,,24.0,63.0,144.0,58.0,136.0,,,40.0,,28.0,,119.0,17.0,52.0,117.0,51.0,0.0,19.0,69.0,61.0,22.0,,121.0,,,,5.0,9.0,49.0,50.0,,100.0,,46.0,,47.0,0.0,18.0,,30.0,20.0,3.0,,,37.0,,,,19.0,13.0,10.0,0.0,,2.0,,,67.0,69.0,18.0,,,,,15.0,45.0,10.0,,1.0,,,182.0,,6.0,44.0,,157.0,17.0,,39.0,,2.0,,,,39.0,,,32.0,,,,,,42.0,137.0,116.0,,3.0,,,,34.0,58.0,,,,21.0,31.0,108.0,27.0,96.0,9.0,83.0,66.0,32.0,97.0,,,13.0,117.0,,8.0,,,,,5.0,146.0,,,,,8.0,,,,28.0,,6.0,136.0,,8.0,132.0,,,18.0,25.0,,42.0,,7.0,5.0,,99.0,64.0,5.0,,,13.0,122.0,17.0,50.0,,,20.0,108.0,,32.0,,51.0,25.0,6.0,28.0,,17.0,33.0,,,69.0,,5.0,,5.0,18.0,22.0,,90.0,,,,22.0,22.0,,,0.0,49.0,,,8.0,7.0,31.0,,33.0,102.0,,13.0,,6.0,8.0,,,,170.0,,17.0,90.0,,,11.0,13.0,10.0,,,,13.0,,12.0,27.0,12.0,,32.0,6.0,11.0
2020-08-01,,,10.0,,,18.0,,23.0,4.0,,28.0,,20.0,62.0,,7.0,29.0,7.0,51.0,47.0,47.0,16.0,9.0,,,,2.0,,32.0,,131.0,,68.0,,28.0,10.0,28.0,18.0,13.0,34.0,23.0,22.0,17.0,32.0,,,70.0,6.0,14.0,7.0,108.0,3.0,,106.0,7.0,,33.0,,12.0,102.0,,19.0,13.0,,,,0.0,8.0,,,19.0,,0.0,18.0,18.0,,141.0,,,8.0,,,,,,,,,,,19.0,47.0,,1.0,,10.0,,7.0,,,,10.0,153.0,,,,,14.0,43.0,109.0,,145.0,,,,10.0,,,23.0,7.0,33.0,26.0,45.0,176.0,,10.0,5.0,,3.0,131.0,,,,,,10.0,67.0,3.0,,,20.0,,55.0,,21.0,,26.0,47.0,73.0,,,16.0,3.0,,47.0,,10.0,3.0,,,19.0,,,122.0,,31.0,,,9.0,,44.0,68.0,42.0,,,1.0,26.0,63.0,0.0,,34.0,7.0,68.0,10.0,3.0,,,3.0,,,,,,,4.0,23.0,,,22.0,,,136.0,23.0,,,9.0,0.0,,24.0,5.0,,12.0,,34.0,,107.0,66.0,15.0,26.0,98.0,22.0,4.0,78.0,,,,194.0,26.0,13.0,,14.0,,,46.0,78.0,,,,23.0,61.0,,,45.0,153.0,,,145.0,,5.0,84.0,1.0,,10.0,,,55.0,22.0,8.0,8.0,6.0,21.0,13.0,15.0,,,12.0,102.0,74.0,33.0,,4.0,47.0,148.0,,4.0,,53.0,95.0,,3.0,,22.0,,,,10.0,13.0,0.0,20.0,46.0,15.0,4.0,,53.0,27.0,,18.0,4.0,4.0,,,8.0,,3.0,7.0,26.0,13.0,18.0,156.0,2.0,35.0,,12.0,,,,,10.0,,102.0,19.0,7.0,53.0,4.0,,14.0,10.0,3.0,,7.0,33.0,,3.0,10.0,,29.0,,19.0,30.0,32.0
2020-09-01,,,,,,64.0,4.0,4.0,0.0,,220.0,3.0,,27.0,,1.0,28.0,,4.0,,,,102.0,0.0,11.0,,75.0,89.0,315.0,13.0,14.0,6.0,104.0,,72.0,,,24.0,5.0,65.0,56.0,13.0,11.0,14.0,6.0,,38.0,5.0,,,149.0,2.0,,164.0,166.0,,62.0,33.0,0.0,52.0,,17.0,,,28.0,,0.0,,,,47.0,2.0,26.0,16.0,3.0,,386.0,,8.0,1.0,,43.0,4.0,,,,,,38.0,,5.0,,,,,,0.0,202.0,23.0,,,3.0,20.0,0.0,,,0.0,15.0,10.0,110.0,14.0,344.0,35.0,,,,19.0,2.0,79.0,11.0,,68.0,83.0,0.0,26.0,97.0,16.0,,,14.0,,,,,2.0,14.0,85.0,17.0,47.0,,51.0,,27.0,1.0,35.0,,12.0,64.0,91.0,,,88.0,18.0,,6.0,33.0,22.0,11.0,6.0,,11.0,,,5.0,178.0,8.0,2.0,,,,0.0,143.0,99.0,10.0,5.0,,30.0,145.0,10.0,3.0,7.0,8.0,117.0,,,,11.0,,4.0,10.0,5.0,0.0,,,34.0,,5.0,11.0,2.0,,351.0,367.0,97.0,,,66.0,0.0,,64.0,65.0,,,,31.0,,33.0,51.0,28.0,,62.0,218.0,34.0,69.0,,,10.0,3.0,5.0,31.0,,39.0,,5.0,27.0,75.0,,10.0,,,6.0,,,,22.0,,21.0,344.0,,,244.0,,,26.0,6.0,,33.0,6.0,8.0,8.0,7.0,415.0,67.0,19.0,,,,541.0,86.0,4.0,11.0,,64.0,25.0,,34.0,1.0,70.0,53.0,1.0,2.0,,18.0,,,,97.0,21.0,,4.0,27.0,,24.0,,167.0,3.0,,25.0,24.0,24.0,79.0,,7.0,,,4.0,,14.0,103.0,2.0,75.0,345.0,,,,1.0,1.0,4.0,,,52.0,19.0,6.0,167.0,0.0,4.0,6.0,22.0,9.0,14.0,,34.0,,6.0,24.0,,94.0,,76.0,35.0,315.0
2020-10-01,,,,,,82.0,,37.0,,,33.0,,,47.0,,,35.0,,,,,,157.0,,,,29.0,,11.0,,20.0,,513.0,,30.0,31.0,21.0,10.0,,29.0,61.0,,2.0,28.0,28.0,,106.0,4.0,82.0,14.0,107.0,97.0,,141.0,6.0,,42.0,26.0,,115.0,,13.0,1.0,,17.0,15.0,,,,5.0,10.0,,,42.0,13.0,,157.0,,17.0,2.0,,7.0,13.0,,,,,,105.0,,,,,,,,,46.0,57.0,,55.0,5.0,20.0,,,,,22.0,28.0,122.0,3.0,84.0,,,,,21.0,17.0,85.0,13.0,43.0,49.0,20.0,65.0,,44.0,1.0,,,20.0,,,29.0,0.0,,45.0,35.0,,68.0,,,,5.0,10.0,440.0,,1.0,,61.0,1.0,0.0,60.0,13.0,,1.0,2.0,0.0,,4.0,,13.0,,,0.0,,,,,,,8.0,11.0,11.0,5.0,,,249.0,144.0,14.0,2.0,37.0,13.0,194.0,7.0,,,0.0,,,,,13.0,,1.0,11.0,,2.0,,,2.0,,137.0,107.0,,,102.0,,,26.0,15.0,2.0,,,7.0,,84.0,32.0,12.0,,62.0,72.0,11.0,114.0,,,,62.0,91.0,19.0,,9.0,,17.0,0.0,93.0,,13.0,,16.0,18.0,,6.0,,35.0,,,84.0,,10.0,63.0,,,9.0,11.0,4.0,3.0,0.0,20.0,20.0,4.0,58.0,158.0,16.0,10.0,,20.0,59.0,58.0,53.0,,23.0,,5.0,,11.0,,88.0,30.0,,134.0,3.0,34.0,,,15.0,44.0,,,,0.0,19.0,0.0,,124.0,,,2.0,0.0,0.0,7.0,,0.0,,,,,,162.0,,29.0,53.0,7.0,20.0,,,0.0,61.0,59.0,21.0,115.0,47.0,29.0,124.0,,,0.0,0.0,77.0,,47.0,,,,24.0,16.0,63.0,,84.0,14.0,11.0
2020-11-01,,,,,,19.0,,,,1.0,151.0,,19.0,58.0,,1.0,11.0,,55.0,,,,12.0,,,,44.0,,2.0,2.0,38.0,,70.0,10.0,16.0,,8.0,5.0,,11.0,105.0,9.0,23.0,,10.0,,52.0,5.0,48.0,8.0,68.0,38.0,,155.0,3.0,,9.0,16.0,6.0,23.0,,,,,24.0,,,,,,4.0,,,38.0,2.0,,67.0,,6.0,20.0,,,,,,,,,16.0,,9.0,8.0,,,,10.0,,40.0,9.0,,,,42.0,6.0,,,6.0,21.0,1.0,59.0,231.0,2.0,,,,12.0,513.0,193.0,392.0,24.0,40.0,7.0,,154.0,4.0,17.0,,,,38.0,,,,42.0,2.0,,106.0,4.0,347.0,,20.0,,25.0,,28.0,,,,4.0,,,,11.0,,4.0,2.0,19.0,,,,2.0,,6.0,17.0,34.0,,,9.0,,39.0,,33.0,35.0,14.0,7.0,,10.0,66.0,23.0,5.0,19.0,24.0,2.0,,,,,,,,,,,,104.0,20.0,20.0,6.0,3.0,20.0,,285.0,4.0,,,,,1.0,142.0,70.0,2.0,,,47.0,,45.0,33.0,61.0,3.0,36.0,30.0,104.0,69.0,,,4.0,8.0,75.0,31.0,,16.0,,111.0,16.0,66.0,,24.0,,,63.0,,,,2.0,,1.0,2.0,,,188.0,,,0.0,,,,2.0,3.0,3.0,,42.0,97.0,35.0,,,39.0,32.0,33.0,,11.0,9.0,,143.0,,104.0,,12.0,189.0,,69.0,,6.0,114.0,,,17.0,0.0,,,16.0,,43.0,,155.0,,,,43.0,43.0,,1.0,0.0,,,6.0,,,3.0,93.0,44.0,11.0,,39.0,,,,29.0,,20.0,23.0,10.0,5.0,155.0,,,7.0,19.0,10.0,,1.0,5.0,,0.0,49.0,17.0,,,19.0,,2.0
2020-12-01,2.0,,,,,26.0,,,,,25.0,,0.0,12.0,,,28.0,16.0,53.0,,,,11.0,42.0,,,129.0,11.0,5.0,,55.0,,401.0,10.0,28.0,113.0,47.0,92.0,5.0,69.0,41.0,4.0,23.0,10.0,29.0,,120.0,21.0,83.0,,49.0,78.0,,352.0,7.0,,45.0,5.0,16.0,97.0,,31.0,,,,,,13.0,,33.0,5.0,15.0,16.0,79.0,,,91.0,,5.0,6.0,,97.0,,,2.0,,,,38.0,2.0,44.0,2.0,29.0,,,5.0,,12.0,24.0,17.0,18.0,9.0,64.0,46.0,4.0,,50.0,90.0,71.0,9.0,,2.0,54.0,,,12.0,51.0,5.0,52.0,79.0,42.0,105.0,86.0,87.0,,49.0,7.0,,,55.0,,,,,13.0,2.0,114.0,26.0,39.0,,204.0,,39.0,11.0,252.0,,24.0,62.0,33.0,,,15.0,6.0,,,,46.0,12.0,0.0,0.0,13.0,,10.0,39.0,24.0,,7.0,,8.0,,,48.0,118.0,117.0,40.0,,141.0,217.0,113.0,0.0,23.0,11.0,,17.0,,,4.0,,,69.0,,,,,62.0,42.0,,2.0,2.0,42.0,0.0,236.0,147.0,31.0,,,1.0,,71.0,90.0,2.0,,,62.0,12.0,82.0,20.0,123.0,13.0,64.0,27.0,62.0,1614.0,,3.0,26.0,392.0,4.0,6.0,,18.0,,28.0,8.0,122.0,,,,27.0,,,1.0,,4.0,6.0,5.0,2.0,,38.0,129.0,,,21.0,,,32.0,,40.0,40.0,,47.0,45.0,22.0,,,4.0,102.0,212.0,6.0,8.0,76.0,62.0,88.0,,62.0,0.0,95.0,120.0,66.0,101.0,,107.0,55.0,,,49.0,,,,8.0,1.0,9.0,,129.0,,,,9.0,9.0,0.0,,,5.0,6.0,42.0,,42.0,22.0,,129.0,23.0,,4.0,,66.0,66.0,61.0,,43.0,97.0,96.0,110.0,129.0,,,,46.0,14.0,,,,3.0,3.0,22.0,10.0,26.0,3.0,113.0,27.0,5.0
2021-01-01,17.0,,,7.0,3.0,48.0,107.0,19.0,16.0,16.0,125.0,,,150.0,1.0,47.0,8.0,6.0,40.0,,,0.0,49.0,16.0,9.0,,47.0,8.0,75.0,15.0,246.0,163.0,359.0,1.0,67.0,3.0,26.0,66.0,40.0,75.0,59.0,71.0,48.0,42.0,197.0,,105.0,1081.0,32.0,14.0,120.0,6.0,6.0,266.0,21.0,,88.0,83.0,27.0,114.0,67.0,23.0,5.0,4.0,5.0,,26.0,,22.0,2.0,59.0,72.0,1.0,176.0,18.0,9.0,230.0,5.0,18.0,37.0,,13.0,6.0,,,2.0,5.0,5.0,64.0,7.0,10.0,13.0,,,1.0,6.0,4.0,97.0,10.0,13.0,,28.0,281.0,4.0,5.0,,9.0,116.0,78.0,179.0,21.0,167.0,0.0,,335.0,6.0,84.0,,104.0,148.0,85.0,101.0,164.0,68.0,222.0,93.0,70.0,,,246.0,91.0,,3.0,63.0,7.0,6.0,65.0,,44.0,,470.0,,110.0,5.0,98.0,2.0,27.0,115.0,15.0,,,77.0,60.0,31.0,1.0,14.0,65.0,42.0,38.0,2.0,44.0,2.0,1.0,100.0,106.0,7.0,5.0,1.0,,,20.0,86.0,67.0,29.0,,0.0,34.0,123.0,20.0,12.0,,109.0,125.0,6.0,,30.0,0.0,3.0,3.0,0.0,,30.0,1.0,0.0,146.0,19.0,24.0,3.0,68.0,6.0,19.0,183.0,204.0,6.0,,,3.0,,79.0,115.0,3.0,,9.0,86.0,60.0,96.0,119.0,87.0,62.0,1150.0,85.0,146.0,68.0,,2.0,6.0,27.0,41.0,117.0,63.0,44.0,,,14.0,168.0,1.0,43.0,2.0,26.0,19.0,,16.0,7.0,68.0,7.0,39.0,167.0,,25.0,114.0,33.0,1.0,84.0,40.0,91.0,12.0,17.0,26.0,25.0,5.0,46.0,178.0,60.0,1.0,3.0,25.0,129.0,25.0,56.0,436.0,175.0,115.0,105.0,,146.0,2.0,76.0,80.0,5.0,98.0,12.0,35.0,10.0,,,93.0,12.0,,2.0,14.0,12.0,28.0,1.0,178.0,27.0,,,28.0,28.0,6.0,1.0,9.0,,132.0,26.0,161.0,65.0,55.0,3.0,38.0,53.0,7.0,25.0,,5.0,4.0,56.0,3.0,57.0,114.0,23.0,46.0,178.0,22.0,3.0,15.0,65.0,60.0,1.0,28.0,4.0,10.0,4.0,77.0,,18.0,2.0,95.0,55.0,75.0
2021-02-01,10.0,,,,,8.0,,,,,145.0,,,6.0,1.0,,,,38.0,12.0,12.0,,7.0,,,,93.0,16.0,11.0,,161.0,,117.0,4.0,12.0,,,,,68.0,,,10.0,21.0,7.0,,105.0,34.0,,,231.0,31.0,,165.0,38.0,,,23.0,,32.0,0.0,17.0,1.0,,12.0,,,,,,8.0,,,38.0,2.0,,81.0,,,,,6.0,1.0,,,,,,11.0,,8.0,,23.0,,,21.0,,68.0,4.0,,,,288.0,0.0,,,0.0,21.0,2.0,72.0,34.0,34.0,,,,39.0,,,166.0,0.0,3.0,141.0,135.0,142.0,45.0,75.0,21.0,,,161.0,0.0,,16.0,21.0,,,36.0,,122.0,,11.0,,19.0,19.0,44.0,,2.0,66.0,12.0,,2.0,,,,13.0,,52.0,2.0,4.0,,,,,42.0,13.0,,3.0,,,,2.0,27.0,0.0,,2.0,,,98.0,6.0,,28.0,10.0,87.0,,,,2.0,,,,,1.0,,,55.0,,,,,7.0,,129.0,64.0,,,7.0,,,12.0,26.0,,,,365.0,25.0,23.0,,43.0,,97.0,51.0,55.0,375.0,,,,44.0,,5.0,0.0,8.0,,8.0,10.0,68.0,,,,,,,1.0,1.0,16.0,,,34.0,,18.0,199.0,,1.0,,1.0,,10.0,,16.0,16.0,,51.0,22.0,6.0,,,,91.0,27.0,3.0,20.0,1.0,66.0,181.0,,55.0,,163.0,126.0,,174.0,,,,,,75.0,1.0,,,10.0,,68.0,,168.0,,,,68.0,68.0,,,,,,,0.0,3.0,12.0,82.0,70.0,36.0,,,,,,10.0,,,32.0,26.0,6.0,168.0,,,3.0,52.0,,,24.0,,,10.0,0.0,10.0,,,190.0,23.0,11.0
2021-03-01,3.0,,19.0,,,15.0,,1.0,,,75.0,,,11.0,,7.0,7.0,,8.0,,,21.0,1.0,0.0,,,17.0,3.0,53.0,,3.0,0.0,135.0,15.0,50.0,42.0,19.0,323.0,294.0,321.0,98.0,0.0,,28.0,19.0,,14.0,26.0,29.0,,26.0,18.0,,63.0,37.0,,87.0,10.0,9.0,114.0,,,1.0,,96.0,,0.0,,,,2.0,0.0,16.0,41.0,1.0,,199.0,,,,,12.0,1.0,,,,,,11.0,,5.0,17.0,,5.0,,,,45.0,1.0,2.0,,,6.0,17.0,,,17.0,0.0,15.0,169.0,312.0,113.0,8.0,,,6.0,1.0,,123.0,7.0,40.0,6.0,36.0,1.0,7.0,54.0,,,,3.0,,,,24.0,38.0,,12.0,,81.0,,17.0,,26.0,10.0,16.0,,0.0,14.0,51.0,,,87.0,,,,,3.0,13.0,,,11.0,,7.0,14.0,,,0.0,6.0,,12.0,1.0,36.0,330.0,,0.0,,13.0,22.0,36.0,13.0,23.0,,190.0,,,1.0,,,,10.0,,,,,7.0,,,0.0,,1.0,,221.0,110.0,,,,21.0,,,35.0,1.0,5.0,,92.0,28.0,95.0,23.0,0.0,17.0,35.0,61.0,7.0,89.0,,,5.0,51.0,31.0,88.0,,18.0,,16.0,,189.0,,2.0,,,0.0,,2.0,,45.0,,,113.0,,,136.0,3.0,,4.0,302.0,,16.0,7.0,14.0,14.0,19.0,43.0,45.0,64.0,,,,53.0,19.0,52.0,3.0,,14.0,80.0,,7.0,0.0,2.0,98.0,,38.0,,89.0,6.0,,,54.0,6.0,7.0,1.0,,,22.0,,94.0,,,,22.0,22.0,,,1.0,,1.0,1.0,,18.0,1.0,25.0,17.0,17.0,,,,,,4.0,,,114.0,17.0,20.0,94.0,,,4.0,3.0,,0.0,14.0,,,,3.0,5.0,16.0,2.0,3.0,7.0,53.0
2021-04-01,,5.0,,,,15.0,,2.0,,,87.0,,1.0,4.0,,12.0,20.0,,,,,7.0,6.0,0.0,3.0,,36.0,0.0,31.0,7.0,13.0,,107.0,1.0,56.0,34.0,194.0,41.0,,96.0,0.0,0.0,,4.0,6.0,,150.0,13.0,,,149.0,23.0,,494.0,17.0,,31.0,14.0,,13.0,,11.0,,,15.0,4.0,17.0,,,,14.0,24.0,0.0,58.0,9.0,,221.0,,8.0,,,14.0,,,7.0,,,,29.0,,,1.0,,,,61.0,,20.0,1.0,20.0,,,27.0,0.0,,,0.0,2.0,2.0,78.0,283.0,177.0,26.0,,,79.0,,91.0,203.0,11.0,50.0,150.0,114.0,32.0,27.0,86.0,2.0,,,13.0,,,,,4.0,,63.0,,198.0,4.0,56.0,,2.0,,47.0,,31.0,25.0,,,,24.0,1.0,,,5.0,73.0,,,36.0,,,,2.0,89.0,,1.0,0.0,11.0,,12.0,91.0,78.0,10.0,,,53.0,43.0,,,36.0,,5.0,11.0,,,,,,,,,,,14.0,,,0.0,0.0,,6.0,76.0,204.0,,,,,8.0,35.0,23.0,,19.0,,74.0,18.0,2.0,25.0,17.0,2.0,28.0,20.0,14.0,41.0,,,,10.0,1.0,1.0,,3.0,,,10.0,70.0,,,4.0,6.0,,,,,8.0,,,177.0,,,38.0,,,,,,4.0,,,,,82.0,110.0,23.0,,,19.0,61.0,17.0,50.0,13.0,1.0,25.0,35.0,,14.0,3.0,113.0,30.0,,52.0,,8.0,3.0,,,86.0,7.0,,,10.0,12.0,16.0,0.0,148.0,,,,16.0,16.0,20.0,,5.0,,14.0,1.0,4.0,3.0,9.0,0.0,36.0,49.0,,19.0,,,2.0,31.0,,,13.0,11.0,5.0,148.0,,,7.0,73.0,,,1.0,7.0,,1.0,6.0,,37.0,,107.0,0.0,31.0
2021-05-01,5.0,,,,7.0,3.0,0.0,9.0,,,159.0,8.0,,11.0,3.0,13.0,,,39.0,,1.0,,27.0,,,,97.0,15.0,1.0,,6.0,,73.0,1.0,11.0,,8.0,18.0,,18.0,89.0,,,9.0,6.0,,55.0,23.0,39.0,4.0,212.0,64.0,,79.0,,,71.0,1.0,16.0,9.0,,9.0,,,9.0,,2.0,4.0,,15.0,53.0,,20.0,64.0,,,50.0,,15.0,21.0,,,3.0,,,,,,11.0,,4.0,,,,,1.0,,20.0,,1.0,19.0,,12.0,,1.0,,1.0,4.0,7.0,110.0,70.0,5.0,,,,1.0,,,211.0,17.0,1.0,65.0,21.0,100.0,23.0,6.0,3.0,,,6.0,,,,,8.0,,88.0,6.0,189.0,,0.0,,7.0,,6.0,,,29.0,24.0,,,0.0,7.0,,,51.0,30.0,0.0,0.0,,1.0,,,13.0,2.0,18.0,3.0,,,,,118.0,91.0,26.0,28.0,,38.0,59.0,27.0,,46.0,3.0,102.0,4.0,,7.0,,,,,,7.0,,3.0,42.0,,,,,,,75.0,187.0,,,60.0,1.0,,18.0,2.0,,,,20.0,39.0,,30.0,44.0,11.0,58.0,18.0,42.0,34.0,,,,12.0,47.0,8.0,,3.0,,3.0,15.0,75.0,,13.0,,40.0,2.0,,,,5.0,,17.0,5.0,,,134.0,,,,14.0,1.0,10.0,8.0,5.0,5.0,,31.0,57.0,33.0,,,4.0,53.0,2.0,2.0,2.0,1.0,29.0,85.0,,42.0,,84.0,9.0,,9.0,,16.0,,,,6.0,,,,15.0,4.0,3.0,,164.0,,,,3.0,3.0,,,6.0,,,,,8.0,17.0,47.0,38.0,47.0,,4.0,1.0,,1.0,13.0,,,9.0,9.0,4.0,164.0,,,30.0,30.0,30.0,6.0,2.0,,,1.0,39.0,,,,73.0,1.0,1.0
2021-06-01,0.0,,3.0,,,,12.0,24.0,,,45.0,,,20.0,,0.0,12.0,,14.0,,,,21.0,,,,15.0,4.0,47.0,,10.0,17.0,100.0,,148.0,,41.0,45.0,,38.0,6.0,0.0,,14.0,20.0,,40.0,28.0,28.0,30.0,98.0,,,230.0,12.0,,76.0,14.0,,34.0,17.0,36.0,,3.0,,,,,,,19.0,,5.0,48.0,12.0,,66.0,1.0,4.0,3.0,,7.0,,,,,,,22.0,4.0,2.0,,,,,16.0,,16.0,46.0,8.0,3.0,,10.0,,2.0,7.0,2.0,25.0,,226.0,31.0,62.0,,,12.0,16.0,,32.0,196.0,8.0,47.0,202.0,367.0,14.0,46.0,216.0,1.0,,,10.0,1.0,,,19.0,3.0,,34.0,5.0,133.0,,35.0,,26.0,3.0,5.0,,,39.0,10.0,,7.0,88.0,1.0,,3.0,15.0,222.0,7.0,41.0,41.0,11.0,,,,47.0,4.0,,,0.0,,12.0,64.0,38.0,4.0,4.0,,11.0,116.0,26.0,,19.0,12.0,3.0,,,4.0,6.0,4.0,,,,4.0,,,48.0,2.0,,0.0,,,,111.0,178.0,43.0,,4.0,11.0,,3.0,4.0,,,,51.0,1.0,,40.0,21.0,,40.0,19.0,48.0,37.0,,,30.0,,47.0,81.0,17.0,4.0,,37.0,18.0,23.0,,,,16.0,,,3.0,10.0,4.0,1.0,14.0,62.0,,4.0,98.0,,,9.0,12.0,8.0,29.0,16.0,6.0,6.0,,16.0,21.0,22.0,,,15.0,45.0,90.0,44.0,26.0,1.0,39.0,23.0,,48.0,6.0,222.0,84.0,,20.0,,11.0,,,,216.0,,,5.0,18.0,14.0,,,317.0,0.0,8.0,3.0,,,,,8.0,,,0.0,,,12.0,24.0,15.0,,,15.0,4.0,,,,7.0,,34.0,19.0,24.0,317.0,,,,222.0,21.0,,7.0,75.0,1.0,0.0,32.0,,42.0,1.0,141.0,27.0,47.0
2021-07-01,,,,,,9.0,0.0,6.0,,,148.0,,6.0,9.0,,,1.0,,51.0,,,,,0.0,,,1.0,,27.0,,5.0,,40.0,,21.0,,1.0,4.0,,29.0,20.0,4.0,,38.0,35.0,,22.0,10.0,19.0,11.0,99.0,19.0,,179.0,122.0,,14.0,,,17.0,,,,,,,,2.0,,,1.0,3.0,0.0,20.0,1.0,,84.0,,6.0,10.0,,4.0,,,,,,,13.0,,11.0,8.0,5.0,,,13.0,,146.0,2.0,32.0,25.0,0.0,20.0,0.0,,,0.0,132.0,20.0,70.0,19.0,31.0,,,9.0,27.0,39.0,14.0,141.0,22.0,22.0,127.0,101.0,50.0,17.0,135.0,15.0,,,5.0,,,8.0,,8.0,,60.0,,81.0,,16.0,,26.0,10.0,,,,18.0,,,,8.0,,,15.0,0.0,118.0,,,,,,,57.0,4.0,,9.0,,,,1.0,35.0,5.0,,8.0,,50.0,58.0,,,14.0,,9.0,17.0,,4.0,,,,,,4.0,0.0,,39.0,,,4.0,0.0,,,65.0,52.0,1.0,,9.0,7.0,,37.0,23.0,,,,11.0,4.0,13.0,53.0,71.0,14.0,64.0,122.0,39.0,63.0,,17.0,0.0,23.0,38.0,19.0,,5.0,,,71.0,170.0,,64.0,,18.0,1.0,,,33.0,87.0,,1.0,31.0,,6.0,154.0,,7.0,11.0,19.0,,5.0,9.0,9.0,9.0,,134.0,43.0,27.0,,,6.0,164.0,29.0,15.0,9.0,,18.0,16.0,,39.0,,172.0,45.0,,15.0,,13.0,12.0,,,135.0,3.0,,,71.0,,,,142.0,13.0,,,,,,,,,16.0,4.0,0.0,16.0,1.0,,,21.0,,6.0,,,,8.0,25.0,31.0,17.0,,21.0,142.0,,,4.0,118.0,,,0.0,,9.0,18.0,17.0,,12.0,9.0,150.0,1.0,27.0
2021-08-01,,,,9.0,7.0,6.0,4.0,21.0,,,30.0,,,5.0,,9.0,7.0,,36.0,,,40.0,,,,,10.0,1.0,18.0,,30.0,64.0,155.0,,7.0,,28.0,,1.0,28.0,114.0,1.0,,3.0,5.0,,83.0,36.0,,15.0,48.0,47.0,,81.0,7.0,,101.0,11.0,,18.0,30.0,28.0,,,,,,,,,31.0,1.0,29.0,17.0,2.0,,18.0,,0.0,,,4.0,,,,,,,27.0,4.0,4.0,,,,8.0,,,57.0,19.0,,,1.0,34.0,1.0,,,1.0,,16.0,49.0,37.0,61.0,,,,2.0,,0.0,83.0,35.0,50.0,94.0,111.0,73.0,35.0,56.0,21.0,,,30.0,60.0,,,,,,19.0,4.0,14.0,,45.0,,31.0,,6.0,,,36.0,,,7.0,20.0,37.0,,,29.0,36.0,7.0,,,2.0,,7.0,91.0,16.0,,,,,9.0,2.0,105.0,59.0,32.0,0.0,,5.0,111.0,9.0,,3.0,7.0,,,,,,,,,,,,,30.0,,,1.0,,1.0,,133.0,320.0,,,,,,26.0,57.0,,,,6.0,,23.0,23.0,60.0,2.0,93.0,28.0,30.0,68.0,,,1.0,,18.0,39.0,,1.0,,,4.0,168.0,,5.0,,7.0,24.0,,9.0,,13.0,,,61.0,,15.0,24.0,,,,6.0,3.0,7.0,0.0,12.0,12.0,0.0,33.0,66.0,59.0,10.0,,2.0,37.0,1.0,50.0,3.0,2.0,36.0,24.0,,30.0,,122.0,56.0,,32.0,,66.0,16.0,,,56.0,,,3.0,4.0,,19.0,,244.0,,,,19.0,19.0,,,,,60.0,,,,2.0,,10.0,21.0,,2.0,,,,,,10.0,18.0,3.0,5.0,244.0,0.0,,1.0,36.0,1.0,,,,,3.0,29.0,20.0,2.0,,91.0,6.0,18.0
2021-09-01,18.0,,,,2.0,8.0,,,,12.0,83.0,1.0,,30.0,1.0,4.0,10.0,,54.0,,,76.0,,0.0,,,25.0,,7.0,15.0,37.0,19.0,80.0,,53.0,6.0,32.0,31.0,63.0,41.0,87.0,11.0,1.0,,1.0,4.0,114.0,12.0,,6.0,59.0,3.0,,163.0,17.0,,146.0,,,51.0,21.0,,,,,,,7.0,,,9.0,,5.0,28.0,1.0,,84.0,,8.0,2.0,,,,,,,,,19.0,,4.0,,,,,3.0,,63.0,25.0,,,16.0,51.0,11.0,17.0,,28.0,15.0,9.0,51.0,27.0,9.0,,,,3.0,14.0,8.0,169.0,30.0,89.0,59.0,38.0,29.0,11.0,40.0,70.0,11.0,,37.0,,,,17.0,7.0,12.0,37.0,,188.0,,17.0,,3.0,25.0,12.0,,2.0,5.0,,,2.0,27.0,1.0,,6.0,7.0,10.0,6.0,0.0,,16.0,,,0.0,7.0,1.0,,,,,2.0,97.0,19.0,9.0,14.0,,8.0,124.0,2.0,,5.0,3.0,,1.0,,0.0,3.0,,,9.0,,0.0,,,5.0,,,11.0,,,,79.0,91.0,130.0,,36.0,0.0,,63.0,138.0,,,,35.0,18.0,0.0,25.0,74.0,,28.0,68.0,5.0,26.0,,,,2.0,1.0,83.0,19.0,12.0,,95.0,20.0,85.0,,,,3.0,,,6.0,6.0,15.0,,0.0,9.0,,,54.0,,4.0,2.0,5.0,,4.0,1.0,9.0,9.0,,90.0,40.0,39.0,0.0,,1.0,78.0,57.0,90.0,5.0,2.0,5.0,29.0,0.0,5.0,3.0,26.0,109.0,,3.0,,68.0,3.0,,,40.0,,,2.0,20.0,,116.0,,143.0,,,,116.0,116.0,,,,11.0,,0.0,,3.0,3.0,,24.0,59.0,,1.0,14.0,,14.0,8.0,,12.0,51.0,23.0,84.0,143.0,,,10.0,10.0,8.0,1.0,22.0,27.0,,,28.0,11.0,61.0,7.0,25.0,22.0,7.0
2021-10-01,1.0,,,,,13.0,4.0,8.0,,,74.0,,,9.0,,,11.0,,13.0,,,6.0,2.0,,,,0.0,10.0,16.0,,11.0,5.0,247.0,13.0,21.0,,10.0,29.0,32.0,36.0,39.0,9.0,,75.0,6.0,,5.0,,8.0,,58.0,32.0,,143.0,3.0,,59.0,2.0,,3.0,8.0,7.0,,,6.0,6.0,,,0.0,,35.0,0.0,35.0,12.0,,1.0,69.0,,,,,11.0,,,,,,,12.0,1.0,0.0,14.0,,,,14.0,,65.0,,1.0,28.0,3.0,14.0,7.0,,,7.0,4.0,13.0,30.0,24.0,19.0,0.0,0.0,,21.0,19.0,,51.0,12.0,12.0,154.0,119.0,17.0,36.0,62.0,,,,11.0,3.0,,24.0,5.0,5.0,,46.0,2.0,16.0,,175.0,,5.0,3.0,197.0,,3.0,50.0,17.0,,,28.0,4.0,,14.0,35.0,88.0,9.0,7.0,3.0,3.0,,10.0,6.0,138.0,,,,4.0,4.0,,90.0,81.0,11.0,5.0,,,30.0,,,5.0,9.0,36.0,,,,,3.0,,,,,7.0,,48.0,,,8.0,1.0,1.0,,23.0,114.0,1.0,,4.0,,,19.0,37.0,,,,25.0,1.0,3.0,29.0,22.0,3.0,28.0,96.0,48.0,41.0,,,17.0,34.0,4.0,41.0,3.0,6.0,,,5.0,39.0,,0.0,,,45.0,,,,121.0,,0.0,19.0,,63.0,25.0,,,3.0,3.0,,5.0,,1.0,1.0,4.0,37.0,73.0,11.0,3.0,,11.0,36.0,3.0,25.0,11.0,17.0,50.0,33.0,,48.0,,121.0,51.0,,39.0,,,,,,62.0,11.0,4.0,4.0,5.0,6.0,3.0,,68.0,,,,3.0,3.0,,,,,,2.0,7.0,5.0,,14.0,,54.0,,11.0,3.0,,3.0,5.0,,9.0,3.0,7.0,3.0,68.0,,,7.0,88.0,,1.0,15.0,,,,13.0,5.0,3.0,,91.0,18.0,16.0
2021-11-01,,,,,,1.0,11.0,8.0,4.0,,92.0,,,,0.0,1.0,77.0,,9.0,,,,,,,,,,4.0,,30.0,,135.0,,95.0,11.0,3.0,89.0,20.0,92.0,81.0,,4.0,,0.0,,67.0,24.0,,19.0,170.0,3.0,2.0,221.0,8.0,,61.0,20.0,12.0,56.0,,2.0,,,16.0,,1.0,,1.0,,20.0,,21.0,38.0,0.0,,72.0,,0.0,,6.0,6.0,,,,,,,,8.0,4.0,9.0,,,,,,54.0,0.0,,6.0,11.0,186.0,,2.0,,2.0,45.0,0.0,160.0,33.0,36.0,,,,,65.0,0.0,167.0,7.0,69.0,137.0,148.0,49.0,22.0,123.0,8.0,,,30.0,,,3.0,29.0,4.0,,166.0,10.0,147.0,,38.0,,15.0,,13.0,,,156.0,14.0,,,34.0,,,130.0,20.0,113.0,5.0,1.0,,0.0,,5.0,26.0,,,0.0,0.0,,,0.0,19.0,29.0,10.0,0.0,,12.0,51.0,,,29.0,,21.0,,,,,,,,,,,,205.0,,,,,,,65.0,236.0,,,,6.0,,58.0,61.0,,,,102.0,20.0,71.0,31.0,28.0,,67.0,117.0,205.0,37.0,,,152.0,21.0,14.0,14.0,,,,11.0,65.0,95.0,,0.0,,12.0,0.0,,,,,,7.0,36.0,,8.0,154.0,,,10.0,4.0,,2.0,8.0,7.0,7.0,,56.0,43.0,34.0,2.0,,,57.0,23.0,70.0,29.0,0.0,156.0,16.0,,205.0,0.0,121.0,37.0,,23.0,,23.0,,,,123.0,20.0,,8.0,65.0,,,0.0,320.0,,,,,,,,,,,,,0.0,13.0,,,69.0,,,,,1.0,18.0,,18.0,56.0,17.0,13.0,320.0,,,12.0,113.0,9.0,9.0,,,130.0,8.0,16.0,6.0,19.0,,53.0,,4.0
2021-12-01,,,1.0,,,15.0,2.0,27.0,7.0,7.0,45.0,,37.0,8.0,0.0,7.0,2.0,,51.0,,,44.0,,8.0,0.0,,11.0,,14.0,0.0,7.0,,802.0,21.0,42.0,36.0,33.0,98.0,47.0,96.0,51.0,11.0,3.0,25.0,27.0,,26.0,36.0,14.0,25.0,104.0,65.0,,711.0,4.0,,182.0,21.0,28.0,21.0,,8.0,3.0,1.0,14.0,,5.0,,,,8.0,9.0,5.0,66.0,0.0,,14.0,,,8.0,,99.0,0.0,,,,,,43.0,,17.0,3.0,,,,47.0,,6.0,35.0,,,,23.0,11.0,,,11.0,7.0,33.0,30.0,52.0,30.0,1.0,,,50.0,,,46.0,7.0,3.0,59.0,141.0,27.0,16.0,135.0,19.0,,,7.0,,,,16.0,5.0,,107.0,8.0,31.0,,106.0,,63.0,19.0,707.0,24.0,,28.0,,,6.0,105.0,0.0,,,7.0,16.0,2.0,,,2.0,,,24.0,70.0,,0.0,0.0,5.0,,1.0,237.0,277.0,,0.0,,89.0,411.0,30.0,,16.0,14.0,9.0,31.0,,0.0,,,,33.0,,0.0,0.0,,44.0,,,11.0,,,,40.0,13.0,34.0,,0.0,0.0,,21.0,51.0,3.0,,1.0,153.0,16.0,5.0,39.0,61.0,,64.0,73.0,44.0,1274.0,,,1.0,16.0,29.0,55.0,,6.0,,7.0,11.0,15.0,,,1.0,29.0,5.0,,,23.0,47.0,,12.0,30.0,,,50.0,0.0,,36.0,1.0,2.0,18.0,4.0,13.0,13.0,,4.0,78.0,85.0,,,16.0,61.0,608.0,3.0,9.0,9.0,28.0,48.0,,44.0,,114.0,101.0,30.0,83.0,,56.0,8.0,,9.0,135.0,22.0,4.0,,11.0,,42.0,0.0,106.0,9.0,,17.0,42.0,42.0,0.0,,,,,11.0,,0.0,0.0,,11.0,28.0,,16.0,0.0,30.0,30.0,24.0,,22.0,21.0,,34.0,106.0,,,11.0,16.0,4.0,,19.0,77.0,0.0,9.0,18.0,19.0,85.0,,131.0,,14.0
2022-01-01,10.0,13.0,,0.0,13.0,18.0,18.0,28.0,4.0,4.0,131.0,1.0,2.0,55.0,4.0,16.0,9.0,1.0,41.0,,,14.0,79.0,3.0,10.0,,2.0,8.0,7.0,7.0,33.0,,98.0,2.0,204.0,19.0,31.0,88.0,40.0,63.0,113.0,45.0,23.0,26.0,10.0,,117.0,21.0,2.0,89.0,91.0,31.0,,215.0,25.0,,68.0,30.0,35.0,119.0,3.0,,1.0,1.0,20.0,,2.0,,9.0,0.0,43.0,105.0,2.0,130.0,17.0,15.0,62.0,1.0,5.0,5.0,,,15.0,2.0,13.0,5.0,0.0,1.0,45.0,9.0,11.0,16.0,3.0,11.0,1.0,43.0,3.0,92.0,2.0,17.0,,2.0,82.0,14.0,4.0,,18.0,6.0,31.0,111.0,18.0,6.0,,,,65.0,7.0,81.0,72.0,206.0,30.0,179.0,324.0,61.0,3.0,311.0,37.0,,,33.0,11.0,,10.0,1.0,0.0,,133.0,,57.0,,239.0,,35.0,,50.0,10.0,,107.0,0.0,1.0,,65.0,12.0,1.0,45.0,27.0,189.0,9.0,23.0,0.0,54.0,0.0,6.0,31.0,248.0,9.0,11.0,0.0,0.0,3.0,31.0,115.0,80.0,74.0,17.0,,93.0,210.0,39.0,37.0,50.0,16.0,55.0,10.0,,14.0,6.0,,47.0,8.0,,14.0,6.0,2.0,85.0,4.0,18.0,20.0,25.0,21.0,29.0,76.0,170.0,100.0,,3.0,80.0,,55.0,52.0,9.0,1.0,,83.0,30.0,111.0,39.0,86.0,25.0,67.0,85.0,85.0,34.0,,3.0,4.0,48.0,19.0,21.0,,38.0,3.0,1.0,50.0,18.0,4.0,11.0,,42.0,9.0,1.0,,0.0,32.0,,14.0,6.0,0.0,10.0,83.0,17.0,2.0,15.0,13.0,11.0,15.0,8.0,28.0,25.0,5.0,48.0,132.0,47.0,1.0,3.0,23.0,44.0,51.0,2.0,10.0,3.0,107.0,47.0,,85.0,13.0,169.0,37.0,5.0,10.0,1.0,60.0,30.0,,7.0,311.0,1.0,2.0,3.0,50.0,5.0,6.0,2.0,260.0,,,0.0,6.0,6.0,1.0,2.0,18.0,,6.0,8.0,29.0,12.0,51.0,43.0,2.0,30.0,,23.0,,5.0,4.0,91.0,,14.0,119.0,41.0,7.0,260.0,20.0,47.0,17.0,189.0,11.0,3.0,6.0,17.0,15.0,,63.0,12.0,8.0,8.0,219.0,16.0,7.0
2022-02-01,,26.0,,,1.0,7.0,0.0,0.0,,8.0,39.0,,5.0,9.0,,,3.0,,5.0,,,3.0,,,,,28.0,,13.0,5.0,9.0,,40.0,1.0,14.0,,4.0,4.0,4.0,17.0,142.0,25.0,,1.0,0.0,,34.0,11.0,9.0,,73.0,28.0,,42.0,17.0,,58.0,2.0,42.0,4.0,1.0,,,,2.0,,4.0,,,,56.0,4.0,56.0,41.0,0.0,,20.0,,21.0,0.0,,,,,,,,,8.0,,12.0,,,,,0.0,,34.0,,,0.0,5.0,16.0,,,,,,,38.0,2.0,13.0,,,0.0,4.0,1.0,21.0,146.0,21.0,63.0,291.0,129.0,0.0,58.0,28.0,1.0,,,9.0,,,,,6.0,4.0,18.0,,96.0,,1.0,2.0,4.0,,20.0,12.0,,78.0,0.0,,,67.0,1.0,,1.0,56.0,30.0,,,,6.0,,,,8.0,,,,5.0,,0.0,33.0,21.0,15.0,,,8.0,37.0,4.0,,64.0,10.0,10.0,14.0,,0.0,,,,,,0.0,0.0,,57.0,,,16.0,9.0,,,184.0,83.0,4.0,,,0.0,,100.0,99.0,,,,2.0,16.0,92.0,12.0,21.0,0.0,50.0,27.0,57.0,60.0,,,,4.0,2.0,2.0,,7.0,,220.0,27.0,54.0,,4.0,,11.0,0.0,,1.0,2.0,1.0,,1.0,13.0,,9.0,153.0,,,4.0,17.0,6.0,9.0,6.0,1.0,1.0,7.0,24.0,33.0,22.0,,,0.0,57.0,44.0,20.0,6.0,,78.0,15.0,,57.0,,266.0,96.0,,10.0,,51.0,,,,28.0,,,,27.0,0.0,14.0,,335.0,,,,14.0,14.0,,,2.0,,,,,,0.0,12.0,28.0,41.0,,0.0,8.0,,8.0,11.0,,,4.0,,13.0,335.0,,,,30.0,,,1.0,,21.0,4.0,11.0,6.0,11.0,,89.0,6.0,13.0
2022-03-01,12.0,,,,,1.0,2.0,5.0,,,4.0,0.0,,16.0,,22.0,23.0,,17.0,,,,14.0,,,,18.0,,6.0,,10.0,1.0,145.0,,36.0,6.0,66.0,38.0,,24.0,30.0,,9.0,1.0,20.0,,67.0,2.0,37.0,11.0,119.0,24.0,4.0,137.0,23.0,,10.0,6.0,4.0,26.0,,23.0,,,,,11.0,,,2.0,30.0,,29.0,58.0,12.0,,42.0,,,,,,,,,,,,1.0,,14.0,7.0,,,,,,18.0,,,,2.0,26.0,1.0,12.0,,13.0,2.0,8.0,102.0,,44.0,,,5.0,8.0,3.0,3.0,80.0,2.0,1.0,72.0,61.0,82.0,54.0,39.0,,8.0,,10.0,1.0,,10.0,21.0,0.0,8.0,57.0,,31.0,,27.0,,36.0,4.0,10.0,11.0,3.0,53.0,11.0,,,13.0,,,13.0,30.0,11.0,3.0,6.0,,19.0,,,9.0,21.0,,,,,,,31.0,20.0,4.0,,4.0,58.0,47.0,4.0,24.0,35.0,0.0,17.0,,,1.0,0.0,,0.0,21.0,,1.0,1.0,,51.0,,0.0,,,0.0,,81.0,125.0,11.0,,4.0,3.0,13.0,15.0,18.0,,,,24.0,29.0,18.0,7.0,16.0,11.0,83.0,10.0,51.0,42.0,,,2.0,112.0,1.0,2.0,1.0,1.0,,,83.0,28.0,11.0,13.0,,9.0,8.0,,,,1.0,,2.0,44.0,,2.0,61.0,,,4.0,3.0,,,,7.0,7.0,5.0,9.0,33.0,22.0,1.0,,1.0,41.0,29.0,9.0,5.0,24.0,53.0,2.0,,51.0,,44.0,75.0,1.0,12.0,,36.0,10.0,,,39.0,0.0,,,83.0,1.0,0.0,,166.0,,,4.0,0.0,0.0,,,16.0,8.0,3.0,,5.0,0.0,14.0,,18.0,35.0,,1.0,1.0,1.0,3.0,20.0,,,26.0,,15.0,166.0,11.0,0.0,0.0,11.0,7.0,,6.0,,9.0,,18.0,,,,53.0,8.0,6.0
2022-04-01,3.0,,,12.0,,,0.0,2.0,,0.0,48.0,,6.0,11.0,1.0,21.0,9.0,,27.0,,,15.0,13.0,,,,5.0,1.0,1.0,,9.0,6.0,67.0,,7.0,,,13.0,1.0,3.0,66.0,,17.0,3.0,10.0,,16.0,,22.0,,52.0,,,12.0,3.0,,52.0,,,6.0,6.0,,,,10.0,2.0,0.0,3.0,,2.0,15.0,,14.0,26.0,15.0,,38.0,,13.0,13.0,,,1.0,,,,,,11.0,,8.0,1.0,,,,,,21.0,,4.0,,,13.0,,,,,12.0,5.0,7.0,16.0,6.0,,,,,9.0,,95.0,0.0,16.0,24.0,11.0,30.0,24.0,31.0,,,,9.0,,,6.0,12.0,9.0,,36.0,,63.0,,28.0,,,,12.0,,,33.0,,,,3.0,,,,13.0,11.0,,15.0,,0.0,,,11.0,25.0,,1.0,1.0,8.0,,17.0,14.0,5.0,10.0,9.0,,,68.0,1.0,,16.0,2.0,7.0,0.0,,0.0,,,,,,0.0,1.0,,35.0,,,,,3.0,15.0,29.0,54.0,,,,1.0,,43.0,20.0,,,,33.0,1.0,12.0,6.0,9.0,12.0,42.0,24.0,35.0,23.0,,,,,24.0,33.0,6.0,1.0,,21.0,6.0,65.0,0.0,5.0,,1.0,6.0,,12.0,,5.0,,1.0,6.0,,6.0,68.0,6.0,2.0,2.0,8.0,,5.0,,,,,58.0,36.0,20.0,5.0,,2.0,18.0,7.0,16.0,,10.0,33.0,17.0,,35.0,,22.0,19.0,,0.0,,22.0,3.0,,,31.0,1.0,2.0,,6.0,2.0,5.0,1.0,64.0,,,,5.0,5.0,,10.0,,,,2.0,,,4.0,,3.0,13.0,,2.0,,,,17.0,,,6.0,,15.0,64.0,,,1.0,11.0,6.0,8.0,1.0,,,,14.0,5.0,32.0,,3.0,10.0,1.0
2022-05-01,,,0.0,,,7.0,,4.0,,,54.0,,2.0,3.0,0.0,1.0,,,13.0,,,11.0,0.0,0.0,,0.0,2.0,,,,8.0,,49.0,3.0,11.0,,11.0,45.0,43.0,42.0,13.0,,5.0,9.0,3.0,,50.0,4.0,3.0,,132.0,0.0,,48.0,13.0,,11.0,10.0,,38.0,0.0,,,,0.0,,1.0,2.0,,3.0,9.0,11.0,16.0,66.0,3.0,,82.0,,2.0,23.0,,,0.0,,,,,,9.0,,5.0,5.0,,,,11.0,,42.0,,10.0,2.0,,8.0,,,,,0.0,6.0,59.0,58.0,36.0,,,,20.0,17.0,5.0,150.0,36.0,11.0,29.0,11.0,3.0,13.0,22.0,4.0,,0.0,8.0,,,10.0,13.0,10.0,,7.0,2.0,116.0,1.0,4.0,,11.0,9.0,18.0,,,19.0,,2.0,,8.0,,,,9.0,3.0,1.0,2.0,2.0,2.0,,1.0,2.0,,,0.0,,,,0.0,38.0,14.0,15.0,6.0,,26.0,55.0,1.0,0.0,36.0,6.0,44.0,1.0,0.0,1.0,,2.0,,,,1.0,,,21.0,,,,,,,25.0,34.0,,0.0,,7.0,,7.0,2.0,,,,29.0,14.0,36.0,7.0,8.0,,56.0,35.0,21.0,35.0,,,8.0,21.0,3.0,3.0,,7.0,3.0,,8.0,55.0,,2.0,1.0,0.0,0.0,,,,4.0,,0.0,36.0,,,143.0,,,7.0,8.0,,7.0,0.0,6.0,6.0,,19.0,26.0,25.0,,,9.0,49.0,8.0,16.0,11.0,10.0,19.0,12.0,,21.0,,3.0,33.0,,15.0,,9.0,,,,22.0,,3.0,1.0,8.0,2.0,7.0,,49.0,,,7.0,7.0,7.0,,,,,4.0,0.0,0.0,5.0,35.0,,,41.0,,9.0,,,,26.0,,,38.0,2.0,8.0,49.0,2.0,,0.0,3.0,,,10.0,,,5.0,19.0,,1.0,,2.0,4.0,
2022-06-01,2.0,,,,,1.0,,21.0,0.0,,34.0,,,3.0,,10.0,12.0,,11.0,,,25.0,,0.0,,,,1.0,19.0,2.0,16.0,15.0,37.0,1.0,47.0,,2.0,17.0,0.0,42.0,36.0,3.0,1.0,12.0,2.0,,18.0,2.0,18.0,,60.0,23.0,,105.0,11.0,,25.0,2.0,,9.0,,,,,8.0,,,,,,5.0,12.0,5.0,12.0,0.0,,57.0,,6.0,,,8.0,,,,,,,14.0,,,,,,,0.0,,38.0,,9.0,3.0,,21.0,0.0,,,0.0,5.0,11.0,18.0,31.0,11.0,,,,0.0,8.0,37.0,82.0,18.0,10.0,13.0,36.0,,7.0,14.0,8.0,2.0,,16.0,15.0,,8.0,4.0,2.0,2.0,20.0,,71.0,,7.0,,5.0,0.0,5.0,4.0,,19.0,3.0,,,,,,2.0,5.0,12.0,0.0,4.0,,,,,3.0,7.0,,,,,,0.0,59.0,24.0,1.0,,,11.0,78.0,10.0,,8.0,,12.0,3.0,,6.0,1.0,,10.0,10.0,,6.0,,,17.0,,,2.0,1.0,,,117.0,60.0,98.0,,,3.0,,8.0,36.0,,,,5.0,0.0,5.0,23.0,26.0,10.0,2.0,21.0,17.0,22.0,,,23.0,23.0,10.0,10.0,,1.0,10.0,,3.0,56.0,,,,4.0,0.0,,2.0,10.0,11.0,,21.0,11.0,,11.0,107.0,,,4.0,9.0,3.0,,,17.0,17.0,,26.0,27.0,25.0,,,0.0,21.0,13.0,0.0,6.0,,19.0,7.0,,17.0,0.0,38.0,120.0,,54.0,,,1.0,,,14.0,,,,3.0,,37.0,,47.0,,,5.0,37.0,37.0,0.0,4.0,,2.0,15.0,0.0,6.0,6.0,0.0,20.0,3.0,24.0,,0.0,,,,1.0,,2.0,9.0,6.0,13.0,47.0,10.0,10.0,1.0,12.0,1.0,,8.0,11.0,11.0,2.0,6.0,,27.0,,46.0,35.0,19.0
2022-07-01,,,,,,5.0,,0.0,,,19.0,,2.0,6.0,0.0,8.0,1.0,,25.0,,,,3.0,,,,0.0,,19.0,,5.0,2.0,62.0,2.0,4.0,5.0,10.0,17.0,0.0,20.0,23.0,0.0,,1.0,3.0,,27.0,16.0,,8.0,46.0,,,63.0,5.0,,,3.0,3.0,20.0,,,,,4.0,,,,,,25.0,11.0,23.0,30.0,0.0,,41.0,,13.0,5.0,,,,,,,,,5.0,,5.0,5.0,,,,4.0,0.0,23.0,11.0,,5.0,,8.0,5.0,,,5.0,2.0,2.0,41.0,,19.0,0.0,,2.0,12.0,5.0,11.0,66.0,10.0,11.0,32.0,34.0,5.0,20.0,49.0,1.0,,,5.0,,,,,,,34.0,,42.0,,2.0,,,,17.0,2.0,,30.0,2.0,,0.0,6.0,,,0.0,22.0,29.0,1.0,,,3.0,,1.0,0.0,,3.0,1.0,,6.0,,0.0,32.0,8.0,70.0,,,3.0,55.0,7.0,,32.0,,13.0,,,2.0,,,,,,2.0,0.0,,27.0,,8.0,0.0,,,,45.0,17.0,,0.0,7.0,3.0,,6.0,6.0,,,,2.0,9.0,8.0,19.0,14.0,15.0,58.0,19.0,27.0,119.0,,1.0,2.0,9.0,10.0,10.0,,9.0,,2.0,5.0,34.0,,4.0,,15.0,15.0,,0.0,16.0,9.0,,,19.0,,2.0,79.0,,0.0,5.0,,4.0,2.0,0.0,3.0,3.0,,15.0,35.0,15.0,,,0.0,40.0,27.0,5.0,,3.0,30.0,1.0,,27.0,,41.0,55.0,1.0,1.0,,3.0,,,,49.0,1.0,6.0,,5.0,,6.0,,60.0,,,10.0,6.0,6.0,,,2.0,,1.0,1.0,0.0,0.0,3.0,0.0,3.0,29.0,,0.0,,1.0,1.0,5.0,,9.0,20.0,6.0,7.0,60.0,1.0,,3.0,29.0,6.0,5.0,,,1.0,5.0,79.0,,4.0,1.0,0.0,11.0,19.0
2022-08-01,,,,,17.0,2.0,,,,,37.0,,1.0,0.0,0.0,0.0,,,15.0,,,1.0,0.0,0.0,,,,,5.0,,5.0,8.0,29.0,,3.0,,,3.0,2.0,21.0,4.0,0.0,,2.0,3.0,,45.0,2.0,13.0,4.0,57.0,17.0,,39.0,21.0,,2.0,11.0,0.0,6.0,8.0,4.0,,0.0,,,,8.0,0.0,,2.0,2.0,2.0,50.0,0.0,,24.0,,0.0,0.0,,0.0,0.0,,,,,,3.0,,0.0,19.0,1.0,,0.0,6.0,,38.0,3.0,,,,6.0,0.0,,,0.0,1.0,,23.0,,4.0,,,,7.0,24.0,,14.0,2.0,4.0,56.0,52.0,10.0,3.0,17.0,,,,5.0,,,8.0,,8.0,,21.0,,16.0,0.0,11.0,,8.0,,3.0,,,3.0,6.0,,,14.0,,,1.0,2.0,32.0,4.0,7.0,,3.0,,4.0,1.0,,,0.0,0.0,,,0.0,33.0,11.0,1.0,8.0,,8.0,15.0,5.0,,43.0,,17.0,4.0,,0.0,,0.0,,,,0.0,0.0,0.0,5.0,,,0.0,,,,21.0,25.0,,,,,,6.0,25.0,,,,6.0,2.0,,7.0,5.0,,58.0,27.0,5.0,66.0,,,,16.0,24.0,19.0,2.0,,,2.0,5.0,9.0,,,0.0,2.0,,,1.0,1.0,2.0,,,4.0,,4.0,68.0,,3.0,1.0,5.0,,,2.0,2.0,2.0,2.0,16.0,21.0,17.0,,,,69.0,9.0,4.0,1.0,0.0,3.0,9.0,,5.0,,73.0,19.0,,21.0,,12.0,5.0,,,17.0,,,,5.0,0.0,11.0,0.0,39.0,,,,11.0,11.0,,,,,,,6.0,,0.0,0.0,,43.0,,,,,,3.0,,,6.0,4.0,14.0,39.0,0.0,,19.0,32.0,4.0,,14.0,,,,2.0,2.0,,,44.0,1.0,5.0
2022-09-01,0.0,,0.0,,0.0,4.0,5.0,0.0,,,25.0,,0.0,1.0,,7.0,1.0,,13.0,1.0,1.0,1.0,10.0,0.0,,,,,0.0,8.0,3.0,0.0,19.0,,35.0,,32.0,17.0,,25.0,99.0,0.0,1.0,12.0,0.0,,42.0,2.0,26.0,13.0,50.0,19.0,12.0,56.0,3.0,,25.0,4.0,,4.0,0.0,15.0,,,,,10.0,,,,63.0,,49.0,26.0,1.0,,9.0,,8.0,,,1.0,,,,,,,2.0,,11.0,17.0,,,1.0,2.0,,9.0,1.0,,1.0,,4.0,,,,,8.0,0.0,55.0,1.0,23.0,1.0,,,2.0,5.0,6.0,94.0,8.0,9.0,65.0,53.0,43.0,55.0,56.0,10.0,,,3.0,0.0,,,1.0,6.0,,10.0,,47.0,,196.0,,2.0,1.0,2.0,,,51.0,1.0,,,1.0,,,,46.0,35.0,4.0,0.0,0.0,3.0,,3.0,0.0,2.0,13.0,,,0.0,,1.0,38.0,29.0,25.0,3.0,,58.0,84.0,,,9.0,0.0,18.0,0.0,,,,0.0,,,,,,,70.0,0.0,8.0,0.0,,,,11.0,68.0,10.0,,,,,5.0,11.0,,0.0,,5.0,0.0,2.0,4.0,36.0,5.0,42.0,13.0,70.0,6.0,,,,0.0,5.0,22.0,,,,2.0,10.0,5.0,,0.0,,9.0,0.0,0.0,,2.0,14.0,,0.0,23.0,,1.0,61.0,,,5.0,16.0,2.0,0.0,0.0,5.0,5.0,,6.0,24.0,14.0,,,1.0,21.0,,,2.0,,51.0,7.0,,70.0,2.0,42.0,26.0,0.0,21.0,,38.0,,,,56.0,,,3.0,10.0,,,,186.0,,,,,,0.0,,,,1.0,3.0,2.0,3.0,11.0,,,15.0,,1.0,,0.0,,53.0,2.0,3.0,4.0,7.0,33.0,186.0,,,,35.0,0.0,,,8.0,,2.0,24.0,4.0,4.0,,27.0,,0.0
2022-10-01,1.0,,,,0.0,0.0,6.0,7.0,,,30.0,,,6.0,,,3.0,0.0,8.0,,,2.0,,0.0,,,7.0,1.0,12.0,,5.0,0.0,24.0,0.0,4.0,,,9.0,,12.0,34.0,,,9.0,7.0,,5.0,11.0,,4.0,32.0,10.0,,46.0,0.0,,22.0,6.0,,,,,,,1.0,1.0,3.0,,,,24.0,4.0,24.0,6.0,,,32.0,,,,,1.0,,,,,,,19.0,,4.0,2.0,1.0,,,3.0,,15.0,,,,,5.0,,1.0,,1.0,,2.0,3.0,4.0,6.0,,,,3.0,7.0,,52.0,48.0,9.0,56.0,32.0,4.0,24.0,21.0,,2.0,,5.0,,,,10.0,4.0,2.0,30.0,4.0,28.0,,0.0,,3.0,0.0,12.0,0.0,,25.0,,,0.0,15.0,0.0,0.0,,24.0,22.0,7.0,,,0.0,,7.0,20.0,5.0,6.0,,,,,,71.0,54.0,,5.0,,22.0,55.0,3.0,,4.0,8.0,17.0,,,,,,1.0,,,,,,31.0,,,,,1.0,,9.0,56.0,,,,0.0,,4.0,8.0,,,,47.0,,1.0,10.0,3.0,,9.0,8.0,31.0,57.0,,,,1.0,7.0,4.0,,1.0,,,7.0,,,,,9.0,,,,1.0,5.0,,,6.0,,18.0,7.0,0.0,,14.0,18.0,,0.0,6.0,7.0,7.0,14.0,5.0,19.0,11.0,,,1.0,8.0,46.0,,3.0,6.0,25.0,15.0,,31.0,,53.0,13.0,,16.0,,,0.0,,0.0,21.0,1.0,1.0,,7.0,1.0,3.0,0.0,72.0,3.0,,,3.0,3.0,,,,2.0,,0.0,,,,,,10.0,,1.0,,,,,,,,,32.0,72.0,,1.0,4.0,22.0,,,18.0,,0.0,,1.0,,0.0,,30.0,,12.0
2022-11-01,1.0,7.0,,,,0.0,,11.0,,,31.0,,,6.0,2.0,8.0,12.0,,5.0,,,2.0,3.0,1.0,4.0,,0.0,,3.0,,22.0,,30.0,,20.0,1.0,,20.0,0.0,12.0,24.0,0.0,12.0,22.0,13.0,,2.0,16.0,,4.0,20.0,3.0,,15.0,10.0,,12.0,15.0,,5.0,,3.0,4.0,0.0,8.0,,,9.0,0.0,,7.0,0.0,9.0,22.0,,,4.0,,1.0,5.0,,,2.0,,,,,,16.0,,18.0,,,0.0,4.0,11.0,,19.0,,,,3.0,24.0,0.0,0.0,,0.0,8.0,1.0,15.0,1.0,7.0,,,,11.0,19.0,1.0,7.0,8.0,13.0,7.0,4.0,,,19.0,0.0,,,22.0,4.0,,,9.0,1.0,0.0,26.0,,1.0,,11.0,0.0,22.0,13.0,15.0,,,15.0,1.0,,,10.0,,,,5.0,7.0,3.0,,,2.0,,3.0,12.0,6.0,,2.0,,,,,17.0,5.0,9.0,,,7.0,31.0,1.0,1.0,24.0,4.0,7.0,9.0,,,,0.0,,,,,,0.0,23.0,,,0.0,,1.0,,15.0,32.0,,0.0,7.0,8.0,,34.0,14.0,,,0.0,17.0,8.0,10.0,14.0,15.0,7.0,34.0,3.0,23.0,63.0,,,,20.0,0.0,1.0,,,,,8.0,4.0,,,,2.0,1.0,,,,9.0,,,7.0,,2.0,27.0,,1.0,1.0,19.0,,1.0,,1.0,0.0,,15.0,24.0,17.0,9.0,,,13.0,16.0,8.0,13.0,14.0,15.0,6.0,,23.0,,7.0,6.0,,7.0,,3.0,,,,19.0,0.0,,0.0,8.0,,,,23.0,,,,,,1.0,,5.0,,5.0,1.0,,7.0,5.0,,0.0,23.0,,,7.0,,7.0,13.0,,6.0,5.0,4.0,5.0,23.0,,,,7.0,,0.0,2.0,,,1.0,11.0,1.0,0.0,0.0,0.0,8.0,3.0
2022-12-01,,1.0,0.0,,,0.0,6.0,2.0,1.0,1.0,16.0,,9.0,7.0,,7.0,7.0,0.0,12.0,,,2.0,4.0,,,0.0,6.0,,3.0,1.0,23.0,,42.0,,14.0,,16.0,14.0,2.0,41.0,10.0,0.0,1.0,12.0,10.0,,5.0,16.0,1.0,4.0,65.0,1.0,,70.0,8.0,,25.0,,,2.0,3.0,3.0,,,17.0,,4.0,,1.0,3.0,16.0,,8.0,8.0,0.0,,55.0,,9.0,1.0,,11.0,,7.0,,5.0,,,23.0,,1.0,4.0,0.0,,0.0,2.0,,17.0,1.0,0.0,,,38.0,0.0,,,0.0,14.0,13.0,7.0,15.0,9.0,1.0,,,2.0,4.0,3.0,47.0,29.0,14.0,35.0,5.0,21.0,12.0,9.0,2.0,,,23.0,,,5.0,1.0,,2.0,26.0,1.0,37.0,,12.0,,17.0,0.0,2.0,,,17.0,1.0,1.0,0.0,8.0,1.0,,0.0,8.0,2.0,,0.0,,14.0,0.0,,10.0,5.0,2.0,0.0,,0.0,,0.0,16.0,10.0,7.0,7.0,,43.0,86.0,14.0,0.0,3.0,2.0,7.0,12.0,,1.0,0.0,,3.0,5.0,0.0,1.0,,1.0,11.0,8.0,1.0,0.0,,8.0,,29.0,50.0,14.0,,1.0,2.0,,14.0,21.0,,,,6.0,13.0,3.0,4.0,14.0,7.0,24.0,13.0,11.0,364.0,,,,14.0,3.0,22.0,,,,4.0,2.0,4.0,,0.0,,1.0,7.0,,3.0,1.0,27.0,,1.0,9.0,,,24.0,,,7.0,4.0,1.0,16.0,1.0,11.0,11.0,,13.0,19.0,13.0,6.0,,0.0,19.0,45.0,10.0,,7.0,17.0,12.0,,11.0,1.0,4.0,30.0,5.0,7.0,,14.0,2.0,0.0,0.0,9.0,,,,2.0,0.0,4.0,1.0,68.0,4.0,,2.0,4.0,4.0,,1.0,,,,0.0,1.0,12.0,1.0,2.0,8.0,8.0,,0.0,,5.0,5.0,8.0,,11.0,2.0,2.0,11.0,68.0,1.0,3.0,,2.0,5.0,,0.0,6.0,4.0,,9.0,2.0,20.0,,3.0,4.0,3.0
2023-01-01,0.0,,,2.0,,6.0,8.0,5.0,2.0,2.0,58.0,1.0,3.0,8.0,5.0,2.0,5.0,0.0,20.0,,2.0,7.0,9.0,0.0,6.0,,1.0,0.0,23.0,14.0,15.0,2.0,43.0,0.0,14.0,4.0,7.0,16.0,2.0,16.0,18.0,12.0,22.0,3.0,3.0,,9.0,5.0,4.0,5.0,44.0,9.0,0.0,54.0,3.0,,27.0,10.0,0.0,14.0,0.0,3.0,0.0,0.0,6.0,,0.0,,0.0,0.0,21.0,3.0,4.0,22.0,8.0,0.0,20.0,0.0,8.0,6.0,0.0,2.0,5.0,,2.0,1.0,,,5.0,2.0,0.0,6.0,2.0,0.0,0.0,0.0,5.0,9.0,1.0,1.0,2.0,1.0,43.0,10.0,0.0,,10.0,4.0,18.0,27.0,0.0,1.0,6.0,,,0.0,7.0,5.0,20.0,13.0,15.0,22.0,28.0,3.0,6.0,9.0,2.0,0.0,,15.0,2.0,0.0,0.0,1.0,2.0,0.0,29.0,1.0,26.0,,1.0,0.0,3.0,0.0,15.0,0.0,0.0,40.0,0.0,2.0,0.0,7.0,0.0,1.0,1.0,15.0,21.0,7.0,0.0,0.0,3.0,,7.0,0.0,0.0,4.0,0.0,0.0,1.0,1.0,0.0,8.0,5.0,1.0,1.0,0.0,7.0,16.0,20.0,4.0,4.0,6.0,38.0,0.0,,2.0,0.0,1.0,3.0,1.0,1.0,2.0,6.0,,43.0,0.0,0.0,7.0,5.0,6.0,1.0,6.0,18.0,16.0,0.0,,7.0,,16.0,9.0,0.0,0.0,0.0,30.0,12.0,3.0,12.0,9.0,5.0,13.0,7.0,43.0,13.0,,0.0,2.0,7.0,2.0,1.0,0.0,1.0,0.0,0.0,8.0,13.0,0.0,8.0,,7.0,1.0,0.0,1.0,2.0,1.0,0.0,3.0,1.0,,12.0,25.0,0.0,0.0,3.0,18.0,9.0,3.0,0.0,4.0,4.0,0.0,10.0,16.0,5.0,0.0,0.0,2.0,17.0,29.0,0.0,3.0,3.0,40.0,20.0,,43.0,5.0,26.0,15.0,0.0,2.0,,11.0,0.0,0.0,0.0,9.0,2.0,,0.0,8.0,0.0,6.0,1.0,47.0,1.0,0.0,2.0,6.0,6.0,1.0,0.0,6.0,0.0,0.0,0.0,8.0,1.0,0.0,0.0,1.0,4.0,,2.0,,0.0,0.0,29.0,,4.0,14.0,16.0,18.0,47.0,3.0,3.0,0.0,21.0,2.0,6.0,7.0,10.0,1.0,0.0,7.0,0.0,10.0,0.0,24.0,8.0,23.0
2023-02-01,,,,,,1.0,,1.0,,,23.0,,,0.0,,0.0,5.0,,8.0,,,6.0,3.0,,,,,,5.0,,3.0,2.0,38.0,,12.0,,4.0,5.0,4.0,10.0,7.0,,1.0,,1.0,,14.0,25.0,25.0,2.0,28.0,0.0,,45.0,10.0,,6.0,3.0,0.0,7.0,1.0,0.0,,,,,,1.0,,,9.0,3.0,10.0,7.0,,,21.0,,3.0,0.0,,,,,,,,,0.0,,,5.0,,,,0.0,,6.0,,,,2.0,5.0,2.0,,,2.0,1.0,1.0,10.0,7.0,6.0,0.0,,,0.0,,,30.0,4.0,0.0,43.0,24.0,6.0,9.0,3.0,0.0,,,3.0,,,,1.0,,,2.0,,9.0,,3.0,,7.0,6.0,3.0,0.0,4.0,29.0,,,,,1.0,1.0,,9.0,3.0,0.0,0.0,0.0,0.0,,0.0,25.0,2.0,1.0,,,3.0,,,36.0,15.0,3.0,,,21.0,25.0,2.0,,7.0,0.0,10.0,,,,,0.0,,,2.0,,,,23.0,,,,,,,14.0,2.0,,,,1.0,,4.0,2.0,,,,0.0,0.0,5.0,2.0,10.0,1.0,35.0,6.0,23.0,9.0,,,,0.0,1.0,1.0,1.0,6.0,,2.0,3.0,,,,,,0.0,,,,0.0,,1.0,6.0,,8.0,23.0,,1.0,1.0,18.0,,0.0,,0.0,0.0,,9.0,10.0,2.0,,,,18.0,10.0,1.0,,1.0,29.0,3.0,,23.0,,18.0,17.0,0.0,4.0,,26.0,1.0,,,3.0,0.0,,,3.0,,2.0,,48.0,,,,2.0,2.0,,0.0,,,,0.0,2.0,,0.0,4.0,,7.0,,,,0.0,0.0,1.0,,,7.0,2.0,18.0,48.0,0.0,,,3.0,,,2.0,,0.0,,0.0,0.0,13.0,,22.0,8.0,5.0
2023-03-01,0.0,0.0,,5.0,0.0,0.0,,8.0,,,9.0,5.0,,3.0,,5.0,4.0,6.0,3.0,,,1.0,2.0,0.0,,,,,4.0,,0.0,,11.0,,0.0,,11.0,3.0,,15.0,4.0,0.0,6.0,2.0,1.0,,33.0,7.0,,10.0,19.0,0.0,,32.0,0.0,,1.0,0.0,,15.0,,,1.0,,0.0,,,,,0.0,1.0,0.0,0.0,10.0,2.0,,6.0,,2.0,8.0,,1.0,,,,,,,4.0,,0.0,0.0,,,,3.0,,9.0,,0.0,0.0,,4.0,0.0,1.0,,1.0,4.0,,11.0,6.0,2.0,,,,5.0,6.0,0.0,5.0,0.0,1.0,2.0,,18.0,,9.0,1.0,,,0.0,,,1.0,5.0,0.0,,9.0,,5.0,,8.0,,4.0,,1.0,1.0,0.0,1.0,4.0,,,4.0,2.0,,,1.0,8.0,0.0,0.0,,3.0,,0.0,6.0,,,,,1.0,,3.0,31.0,26.0,2.0,,,12.0,24.0,2.0,,8.0,0.0,4.0,2.0,,,,,,,0.0,,,,2.0,,1.0,0.0,,7.0,,10.0,25.0,3.0,,,,,13.0,6.0,,,,12.0,5.0,18.0,0.0,7.0,1.0,11.0,0.0,2.0,7.0,,,,3.0,5.0,17.0,,,,0.0,5.0,2.0,,0.0,,8.0,2.0,,5.0,0.0,7.0,,,2.0,,,14.0,,,8.0,4.0,,0.0,9.0,19.0,19.0,1.0,1.0,14.0,11.0,,,0.0,12.0,4.0,1.0,1.0,0.0,1.0,8.0,,2.0,,6.0,8.0,,6.0,,5.0,,,,9.0,1.0,,,5.0,0.0,0.0,,12.0,,,0.0,0.0,0.0,,,1.0,,0.0,0.0,,0.0,0.0,1.0,,9.0,,0.0,,,,13.0,,1.0,15.0,,14.0,12.0,1.0,,4.0,8.0,,2.0,0.0,2.0,1.0,,1.0,,1.0,,0.0,,4.0
2023-04-01,,,,,,,,2.0,,,2.0,,2.0,0.0,0.0,,0.0,,,,,9.0,2.0,0.0,,,2.0,0.0,1.0,,0.0,0.0,7.0,,0.0,,,0.0,,,12.0,0.0,2.0,14.0,1.0,,0.0,2.0,,2.0,17.0,1.0,,4.0,0.0,,20.0,1.0,34.0,0.0,,,0.0,,0.0,,0.0,2.0,,,2.0,,1.0,1.0,,,2.0,,2.0,,,0.0,0.0,,,,,,7.0,,,2.0,,,,2.0,,0.0,,0.0,0.0,2.0,0.0,2.0,,,2.0,,3.0,4.0,,0.0,0.0,,,2.0,1.0,0.0,15.0,2.0,,2.0,12.0,0.0,1.0,3.0,,,,0.0,,,,,0.0,,2.0,,13.0,,3.0,,0.0,1.0,2.0,,,1.0,1.0,,,10.0,0.0,0.0,,1.0,1.0,0.0,,,,,0.0,,,,0.0,0.0,,,,12.0,12.0,2.0,,,2.0,4.0,0.0,,0.0,1.0,4.0,1.0,,,,,,,,,0.0,,2.0,,,,0.0,,,3.0,3.0,0.0,,,,,6.0,12.0,0.0,,,3.0,2.0,2.0,0.0,2.0,2.0,18.0,15.0,2.0,3.0,,,,0.0,0.0,3.0,,,,,0.0,,1.0,2.0,,2.0,,,0.0,1.0,1.0,,1.0,0.0,,3.0,12.0,,,3.0,5.0,,0.0,,,,,1.0,1.0,0.0,,,,1.0,,0.0,1.0,0.0,1.0,2.0,,2.0,,3.0,1.0,,1.0,,1.0,,,,3.0,,1.0,,0.0,,9.0,0.0,11.0,,,,9.0,9.0,,,0.0,,31.0,0.0,,,2.0,2.0,2.0,0.0,,,,,1.0,2.0,,4.0,0.0,,0.0,11.0,,,4.0,1.0,0.0,,1.0,9.0,,,2.0,,0.0,,1.0,1.0,1.0
2023-05-01,,,,,,0.0,,2.0,,,3.0,,,0.0,,4.0,0.0,,0.0,,,10.0,7.0,0.0,0.0,,1.0,2.0,0.0,,0.0,,7.0,,0.0,,6.0,,,0.0,3.0,,,2.0,3.0,,1.0,3.0,,6.0,7.0,2.0,,6.0,0.0,,3.0,1.0,0.0,7.0,,2.0,,,0.0,,,,0.0,,0.0,3.0,,4.0,,,6.0,,,,,,,,,,,,1.0,,,1.0,0.0,0.0,0.0,,,0.0,0.0,0.0,,,0.0,0.0,,,0.0,,,1.0,0.0,1.0,,,,,0.0,,7.0,1.0,1.0,10.0,6.0,10.0,2.0,1.0,0.0,,,0.0,0.0,,,2.0,,,7.0,,7.0,,0.0,,2.0,0.0,1.0,,,2.0,7.0,,0.0,7.0,,,,0.0,2.0,,,1.0,,,1.0,4.0,,0.0,,,2.0,,,6.0,11.0,0.0,0.0,,7.0,5.0,,3.0,0.0,,1.0,0.0,,,,,,,,,,,1.0,,3.0,,,,,3.0,1.0,,,0.0,0.0,,2.0,5.0,,1.0,,0.0,0.0,9.0,0.0,4.0,3.0,3.0,0.0,1.0,1.0,,,,0.0,3.0,6.0,,1.0,,,0.0,,,0.0,,,0.0,1.0,,0.0,,,0.0,1.0,,4.0,3.0,,,0.0,7.0,,,0.0,4.0,4.0,,1.0,0.0,1.0,,2.0,,2.0,0.0,1.0,1.0,3.0,2.0,1.0,,1.0,,3.0,,,2.0,,1.0,,,,1.0,1.0,,,0.0,,3.0,,4.0,0.0,,,3.0,3.0,,,,,2.0,0.0,,2.0,7.0,8.0,1.0,0.0,,,0.0,,0.0,1.0,,,7.0,2.0,5.0,4.0,,,1.0,2.0,0.0,0.0,,,2.0,,0.0,,1.0,,3.0,,0.0
2023-06-01,0.0,,,,,,0.0,6.0,,,4.0,,,2.0,,0.0,3.0,,8.0,,,0.0,1.0,,,,0.0,,0.0,0.0,3.0,,14.0,,4.0,,8.0,2.0,2.0,3.0,0.0,1.0,1.0,2.0,0.0,,0.0,2.0,0.0,4.0,2.0,0.0,,2.0,2.0,,1.0,,1.0,1.0,,0.0,,,0.0,,0.0,,,1.0,0.0,0.0,,0.0,0.0,,5.0,,1.0,0.0,,,,,,,,,2.0,9.0,0.0,1.0,,0.0,,4.0,,0.0,,0.0,,,3.0,1.0,,,1.0,2.0,2.0,0.0,1.0,7.0,,,,7.0,,,4.0,1.0,0.0,3.0,3.0,1.0,,0.0,0.0,,,3.0,,,,2.0,,,5.0,6.0,4.0,,15.0,,2.0,,0.0,0.0,1.0,,0.0,,,0.0,0.0,,,,,0.0,0.0,0.0,0.0,,0.0,0.0,15.0,,,,,,0.0,0.0,0.0,0.0,0.0,,1.0,1.0,,,1.0,1.0,,3.0,,,,0.0,,,,,,,1.0,,,1.0,,0.0,,6.0,4.0,3.0,,,,,3.0,3.0,,,,8.0,4.0,0.0,0.0,0.0,0.0,9.0,0.0,1.0,1.0,,,,,2.0,3.0,,0.0,,0.0,10.0,4.0,,,,3.0,,,1.0,,2.0,,,7.0,,11.0,3.0,,,0.0,0.0,,1.0,9.0,0.0,0.0,,0.0,2.0,2.0,0.0,,0.0,1.0,0.0,0.0,0.0,,,2.0,,1.0,0.0,1.0,1.0,,1.0,,1.0,,,1.0,0.0,0.0,0.0,0.0,10.0,,,,23.0,,,,,,0.0,,,,,0.0,0.0,1.0,0.0,,0.0,2.0,,0.0,,,0.0,2.0,,8.0,1.0,0.0,10.0,23.0,,,,,2.0,,0.0,,,,1.0,6.0,1.0,,7.0,2.0,0.0
2023-07-01,,,,,,0.0,0.0,1.0,,,1.0,,0.0,0.0,,,0.0,0.0,3.0,0.0,,8.0,,,1.0,,,,1.0,,0.0,,4.0,,1.0,0.0,2.0,0.0,1.0,5.0,8.0,0.0,0.0,1.0,1.0,,0.0,1.0,0.0,1.0,1.0,5.0,,2.0,0.0,,9.0,,0.0,1.0,,,1.0,,,,,,,0.0,0.0,0.0,0.0,0.0,,,0.0,,,0.0,,2.0,,,,,,,1.0,0.0,0.0,3.0,1.0,,,0.0,,0.0,0.0,0.0,,,0.0,0.0,,,0.0,0.0,0.0,1.0,,1.0,,,,0.0,0.0,,0.0,0.0,0.0,7.0,2.0,2.0,0.0,0.0,,,,0.0,,,0.0,2.0,0.0,,5.0,1.0,0.0,,0.0,,2.0,0.0,0.0,,1.0,0.0,,,0.0,0.0,1.0,,,0.0,4.0,2.0,0.0,0.0,,,1.0,5.0,,,0.0,,0.0,,,3.0,1.0,0.0,2.0,,7.0,0.0,1.0,,0.0,0.0,3.0,,,1.0,0.0,,,,,1.0,,,3.0,,,0.0,,,,1.0,1.0,5.0,,1.0,,,0.0,8.0,,,,0.0,,1.0,1.0,,1.0,2.0,0.0,3.0,3.0,,,,1.0,4.0,4.0,,0.0,,,0.0,13.0,,,,3.0,0.0,,1.0,1.0,0.0,,0.0,1.0,,0.0,0.0,,,1.0,0.0,,,0.0,0.0,0.0,,0.0,0.0,0.0,,,,0.0,5.0,0.0,0.0,,0.0,2.0,,3.0,,4.0,8.0,,3.0,,0.0,,,,0.0,1.0,,,0.0,1.0,13.0,,7.0,,,,13.0,13.0,,,0.0,0.0,,,,,,0.0,,0.0,,,1.0,,1.0,3.0,,2.0,1.0,,1.0,7.0,,,0.0,4.0,,0.0,1.0,1.0,,,0.0,,0.0,,5.0,1.0,1.0
2023-08-01,,,,,,0.0,,,,2.0,0.0,,,0.0,0.0,0.0,,,2.0,,,,0.0,0.0,,,,,0.0,,0.0,,1.0,,0.0,0.0,0.0,0.0,3.0,0.0,4.0,0.0,0.0,2.0,,,0.0,0.0,0.0,,0.0,,,0.0,0.0,,4.0,,,1.0,,0.0,,,0.0,,,,3.0,0.0,0.0,,0.0,0.0,0.0,,1.0,,0.0,0.0,,1.0,0.0,,,,,,0.0,,0.0,0.0,,,1.0,0.0,,0.0,,,,,0.0,,,,,,0.0,1.0,3.0,1.0,,,,0.0,,,0.0,0.0,0.0,2.0,0.0,1.0,0.0,0.0,1.0,,,0.0,,,,,0.0,,0.0,,0.0,,1.0,,0.0,,0.0,,,0.0,,2.0,,1.0,0.0,,,0.0,1.0,0.0,0.0,0.0,0.0,,0.0,0.0,5.0,,0.0,0.0,,,,2.0,,0.0,1.0,,0.0,1.0,0.0,,0.0,,1.0,0.0,,,,0.0,,,,,0.0,1.0,0.0,,,0.0,0.0,,,1.0,3.0,,,,,,0.0,0.0,,,,0.0,,1.0,0.0,0.0,,0.0,0.0,0.0,0.0,,,,0.0,1.0,1.0,,0.0,,,0.0,0.0,,,,0.0,0.0,,,1.0,2.0,,0.0,1.0,,,0.0,1.0,0.0,9.0,,,0.0,0.0,1.0,1.0,,0.0,0.0,0.0,,,,3.0,0.0,0.0,0.0,,0.0,0.0,,0.0,0.0,2.0,0.0,,0.0,,0.0,,,,0.0,,,,0.0,,0.0,0.0,7.0,,,,0.0,0.0,,,0.0,,,0.0,,0.0,1.0,,,0.0,,,,,,0.0,,0.0,1.0,0.0,9.0,7.0,1.0,,,1.0,,,,,,,0.0,,1.0,,0.0,,0.0
2023-09-01,,,,0.0,,,,0.0,,,0.0,,,0.0,,,,0.0,0.0,0.0,0.0,2.0,0.0,,,,,,1.0,0.0,0.0,,3.0,,0.0,,0.0,1.0,0.0,1.0,0.0,,3.0,0.0,1.0,,0.0,0.0,,0.0,0.0,,,5.0,,,0.0,0.0,,0.0,0.0,,,,0.0,,,0.0,0.0,,,0.0,,0.0,0.0,,5.0,,0.0,0.0,,,0.0,,,,,,0.0,,1.0,0.0,,,0.0,,,,,,,,0.0,0.0,0.0,,0.0,0.0,2.0,1.0,,1.0,,,,,0.0,0.0,0.0,0.0,0.0,0.0,1.0,0.0,0.0,1.0,0.0,0.0,,0.0,0.0,,,0.0,,0.0,0.0,,0.0,,1.0,,,,3.0,,,3.0,2.0,,,2.0,,,0.0,,1.0,,,0.0,,,0.0,,1.0,,,,0.0,,0.0,0.0,1.0,0.0,0.0,,0.0,1.0,0.0,,0.0,,0.0,0.0,,0.0,0.0,,0.0,2.0,,0.0,,,3.0,,0.0,,,,0.0,6.0,0.0,0.0,,,,,0.0,0.0,,0.0,,0.0,,0.0,1.0,0.0,,0.0,0.0,3.0,0.0,,,,,,13.0,,0.0,,0.0,,0.0,,0.0,,0.0,0.0,0.0,,0.0,1.0,,0.0,1.0,,0.0,0.0,0.0,,13.0,1.0,,1.0,,,,,1.0,3.0,0.0,,,,0.0,,,0.0,1.0,3.0,0.0,0.0,3.0,,0.0,6.0,,,,,0.0,,,1.0,1.0,,,,,0.0,,0.0,,,,0.0,0.0,,,,0.0,0.0,,,,,2.0,0.0,,,,,,,3.0,,0.0,0.0,0.0,13.0,0.0,,0.0,1.0,1.0,3.0,,,0.0,0.0,,0.0,,1.0,0.0,0.0,,1.0
2023-10-01,,,,,,,,0.0,,,0.0,,,0.0,,0.0,,,0.0,,,2.0,,,,,,,,,0.0,0.0,1.0,,0.0,,0.0,0.0,0.0,0.0,2.0,0.0,2.0,,0.0,,3.0,0.0,,3.0,3.0,0.0,,2.0,,,2.0,,,3.0,,0.0,,,,,,,,2.0,,0.0,,2.0,,,1.0,,,0.0,,,,,,,,,,,0.0,,,,,,,0.0,,,,,0.0,,,,,2.0,0.0,0.0,0.0,0.0,,,0.0,,0.0,3.0,1.0,0.0,,0.0,,0.0,,0.0,,,,0.0,,,1.0,2.0,0.0,0.0,0.0,0.0,1.0,,0.0,,0.0,,,,,0.0,0.0,,,0.0,,,,,,,,,,,,0.0,,,,,,,,0.0,0.0,,,,,0.0,,,0.0,,0.0,,,,,,,,,,,,0.0,,,0.0,,0.0,,0.0,3.0,5.0,,,,,1.0,1.0,,,,,,3.0,2.0,,,2.0,2.0,0.0,,,,0.0,,,0.0,,,,,0.0,,0.0,0.0,,,,,,,0.0,,,0.0,,,1.0,,,0.0,,,0.0,,0.0,0.0,,0.0,,,,,,1.0,1.0,,0.0,,0.0,,,0.0,,0.0,0.0,0.0,0.0,,0.0,0.0,,,0.0,,,0.0,0.0,,0.0,,0.0,,,,0.0,0.0,0.0,,,,,,,,,,,0.0,,,,0.0,0.0,2.0,,,3.0,0.0,0.0,0.0,,,,,,,,0.0,,0.0,,,,,0.0,,
2023-11-01,,,,,,,,0.0,,,,,,0.0,,,,,0.0,,,0.0,0.0,,,,,,0.0,,,,0.0,,0.0,,,,,0.0,0.0,,,,,,,,,,0.0,,,0.0,,,0.0,,,,,,,,,,,,,,,,,,,,0.0,,,0.0,,,,,,,,,,,,,,,,,,,,,,,,,,,,,,0.0,,0.0,,,,,,,0.0,,,0.0,0.0,0.0,,0.0,,,,,,,,,0.0,,0.0,,0.0,,,,,,,,,,,,,,,,,,0.0,,,,,,,,,,,,,,,,,,,,0.0,,,,0.0,,,,,,,,,,,,,,,,,,,,,0.0,0.0,,,,,,0.0,0.0,,,,,,,,,,,,,,,,,,,,,,,,1.0,,,,,,,,,,1.0,,,0.0,,,0.0,,,,,,,,,,,,,,,,,,0.0,,,,,,,,,0.0,,,,,,,,,0.0,,0.0,,1.0,,0.0,,0.0,,,,0.0,0.0,,,,,,,,,,,,,,,,,,,,,,,,0.0,,,,0.0,,,,,,,,,,,0.0,,0.0
2023-12-01,,,,,,0.0,0.0,0.0,,,0.0,,,0.0,,,,,0.0,,,,,,,,,,,,0.0,,1.0,3.0,,,,0.0,,0.0,,,0.0,,0.0,,0.0,3.0,,,0.0,,,1.0,,,,3.0,,,,,,,5.0,,,,,0.0,,,,0.0,,,,,,,,,,,,,,,4.0,,,,,,,3.0,,0.0,,,,,0.0,,,,,0.0,0.0,,,,,,,4.0,1.0,,,,0.0,0.0,0.0,,0.0,2.0,,,,0.0,,,,,,0.0,0.0,,,,0.0,1.0,,1.0,1.0,,,,,,,,,,,,,,,,2.0,,,,,,,,0.0,,,,,0.0,,,,1.0,0.0,,0.0,,,,,,,,0.0,0.0,,,,,0.0,0.0,0.0,,,0.0,0.0,0.0,0.0,,,,,,,0.0,,0.0,,0.0,1.0,,,,,3.0,0.0,0.0,30.0,,,,,,0.0,,0.0,,,0.0,,,,,1.0,0.0,,,,0.0,,1.0,,,,0.0,,,1.0,,,,,0.0,0.0,,1.0,0.0,4.0,0.0,,2.0,0.0,1.0,,,,,0.0,,0.0,,0.0,0.0,0.0,,0.0,0.0,0.0,,,2.0,,,,0.0,,,,0.0,0.0,,,,,,,,,,,,0.0,,,,0.0,,2.0,,0.0,0.0,0.0,,0.0,,,0.0,0.0,,0.0,,,,,,,,,0.0,,,,0.0,0.0,
